,Unnamed: 0,maintanance_job_code,eo_code,interval_motohours,"dowtime_plan, hours",maintanance_datetime,maintanance_date,maintanance_name,year,month,month_year
1431,1431,100000084384_HD1500-7_EO,100000084384,23.7,0.3,2025-12-01 00:00:00,2025-12-01,ЕТО,2025,12,12_2025
1432,1432,100000084384_HD1500-7_EO,100000084384,23.7,0.3,2025-12-02 00:00:00,2025-12-02,ЕТО,2025,12,12_2025
1433,1433,100000084384_HD1500-7_EO,100000084384,23.7,0.3,2025-12-03 00:00:00,2025-12-03,ЕТО,2025,12,12_2025
1434,1434,100000084384_HD1500-7_EO,100000084384,23.7,0.3,2025-12-04 00:00:00,2025-12-04,ЕТО,2025,12,12_2025
1435,1435,100000084384_HD1500-7_EO,100000084384,23.7,0.3,2025-12-05 00:00:00,2025-12-05,ЕТО,2025,12,12_2025
1436,1436,100000084384_HD1500-7_EO,100000084384,23.7,0.3,2025-12-06 00:00:00,2025-12-06,ЕТО,2025,12,12_2025
1437,1437,100000084384_HD1500-7_EO,100000084384,23.7,0.3,2025-12-07 00:00:00,2025-12-07,ЕТО,2025,12,12_2025
1438,1438,100000084384_HD1500-7_EO,100000084384,23.7,0.3,2025-12-08 00:00:00,2025-12-08,ЕТО,2025,12,12_2025
1439,1439,100000084384_HD1500-7_EO,100000084384,23.7,0.3,2025-12-09 00:00:00,2025-12-09,ЕТО,2025,12,12_2025
1440,1440,100000084384_HD1500-7_EO,100000084384,23.7,0.3,2025-12-10 00:00:00,2025-12-10,ЕТО,2025,12,12_2025
1441,1441,100000084384_HD1500-7_EO,100000084384,23.7,0.3,2025-12-11 00:00:00,2025-12-11,ЕТО,2025,12,12_2025
1442,1442,100000084384_HD1500-7_EO,100000084384,23.7,0.3,2025-12-12 00:00:00,2025-12-12,ЕТО,2025,12,12_2025
1443,1443,100000084384_HD1500-7_EO,100000084384,23.7,0.3,2025-12-13 00:00:00,2025-12-13,ЕТО,2025,12,12_2025
1444,1444,100000084384_HD1500-7_EO,100000084384,23.7,0.3,2025-12-14 00:00:00,2025-12-14,ЕТО,2025,12,12_2025
1445,1445,100000084384_HD1500-7_EO,100000084384,23.7,0.3,2025-12-15 00:00:00,2025-12-15,ЕТО,2025,12,12_2025
1446,1446,100000084384_HD1500-7_EO,100000084384,23.7,0.3,2025-12-16 00:00:00,2025-12-16,ЕТО,2025,12,12_2025
1447,1447,100000084384_HD1500-7_EO,100000084384,23.7,0.3,2025-12-17 00:00:00,2025-12-17,ЕТО,2025,12,12_2025
1448,1448,100000084384_HD1500-7_EO,100000084384,23.7,0.3,2025-12-18 00:00:00,2025-12-18,ЕТО,2025,12,12_2025
1449,1449,100000084384_HD1500-7_EO,100000084384,23.7,0.3,2025-12-19 00:00:00,2025-12-19,ЕТО,2025,12,12_2025
1450,1450,100000084384_HD1500-7_EO,100000084384,23.7,0.3,2025-12-20 00:00:00,2025-12-20,ЕТО,2025,12,12_2025
1451,1451,100000084384_HD1500-7_EO,100000084384,23.7,0.3,2025-12-21 00:00:00,2025-12-21,ЕТО,2025,12,12_2025
1452,1452,100000084384_HD1500-7_EO,100000084384,23.7,0.3,2025-12-22 00:00:00,2025-12-22,ЕТО,2025,12,12_2025
1453,1453,100000084384_HD1500-7_EO,100000084384,23.7,0.3,2025-12-23 00:00:00,2025-12-23,ЕТО,2025,12,12_2025
1454,1454,100000084384_HD1500-7_EO,100000084384,23.7,0.3,2025-12-24 00:00:00,2025-12-24,ЕТО,2025,12,12_2025
1455,1455,100000084384_HD1500-7_EO,100000084384,23.7,0.3,2025-12-25 00:00:00,2025-12-25,ЕТО,2025,12,12_2025
1456,1456,100000084384_HD1500-7_EO,100000084384,23.7,0.3,2025-12-26 00:00:00,2025-12-26,ЕТО,2025,12,12_2025
1457,1457,100000084384_HD1500-7_EO,100000084384,23.7,0.3,2025-12-27 00:00:00,2025-12-27,ЕТО,2025,12,12_2025
1458,1458,100000084384_HD1500-7_EO,100000084384,23.7,0.3,2025-12-28 00:00:00,2025-12-28,ЕТО,2025,12,12_2025
1459,1459,100000084384_HD1500-7_EO,100000084384,23.7,0.3,2025-12-29 00:00:00,2025-12-29,ЕТО,2025,12,12_2025
1460,1460,100000084384_HD1500-7_EO,100000084384,23.7,0.3,2025-12-30 00:00:00,2025-12-30,ЕТО,2025,12,12_2025
1461,1461,100000084384_HD1500-7_EO,100000084384,23.7,0.3,2025-12-31 00:00:00,2025-12-31,ЕТО,2025,12,12_2025
1597,1597,100000084384_HD1500-7_TO1,100000084384,250.0,1.0,2025-12-04 09:00:00,2025-12-04,ТО1-250,2025,12,12_2025
1598,1598,100000084384_HD1500-7_TO1,100000084384,250.0,1.0,2025-12-15 00:00:00,2025-12-15,ТО1-250,2025,12,12_2025
1599,1599,100000084384_HD1500-7_TO1,100000084384,250.0,1.0,2025-12-25 15:00:00,2025-12-25,ТО1-250,2025,12,12_2025
1668,1668,100000084384_HD1500-7_TO-2,100000084384,500.0,9.8,2025-12-16 10:00:00,2025-12-16,ТО2-500,2025,12,12_2025
1703,1703,100000084384_HD1500-7_TO-3,100000084384,1000.0,12.0,2025-12-16 10:00:00,2025-12-16,ТО3-1000,2025,12,12_2025
1721,1721,100000084384_HD1500-7_TO-4,100000084384,2000.0,16.0,2025-12-16 18:30:00,2025-12-16,ТО4-2000,2025,12,12_2025
1780,1780,100000084384_HD1500-7_TR,100000084384,660.0,60.0,2025-12-02 06:00:00,2025-12-02,ТР,2025,12,12_2025
1781,1781,100000084384_HD1500-7_TR,100000084384,660.0,60.0,2025-12-30 08:00:00,2025-12-30,ТР,2025,12,12_2025
1819,1819,100000084384_HD1500-7_LINING_PART,100000084384,2000.0,24.0,2025-12-16 18:30:00,2025-12-16,СВч (частичная футеровка),2025,12,12_2025
3255,3255,100000084385_HD1500-7_EO,100000084385,23.7,0.3,2025-12-01 00:00:00,2025-12-01,ЕТО,2025,12,12_2025
3256,3256,100000084385_HD1500-7_EO,100000084385,23.7,0.3,2025-12-02 00:00:00,2025-12-02,ЕТО,2025,12,12_2025
3257,3257,100000084385_HD1500-7_EO,100000084385,23.7,0.3,2025-12-03 00:00:00,2025-12-03,ЕТО,2025,12,12_2025
3258,3258,100000084385_HD1500-7_EO,100000084385,23.7,0.3,2025-12-04 00:00:00,2025-12-04,ЕТО,2025,12,12_2025
3259,3259,100000084385_HD1500-7_EO,100000084385,23.7,0.3,2025-12-05 00:00:00,2025-12-05,ЕТО,2025,12,12_2025
3260,3260,100000084385_HD1500-7_EO,100000084385,23.7,0.3,2025-12-06 00:00:00,2025-12-06,ЕТО,2025,12,12_2025
3261,3261,100000084385_HD1500-7_EO,100000084385,23.7,0.3,2025-12-07 00:00:00,2025-12-07,ЕТО,2025,12,12_2025
3262,3262,100000084385_HD1500-7_EO,100000084385,23.7,0.3,2025-12-08 00:00:00,2025-12-08,ЕТО,2025,12,12_2025
3263,3263,100000084385_HD1500-7_EO,100000084385,23.7,0.3,2025-12-09 00:00:00,2025-12-09,ЕТО,2025,12,12_2025
3264,3264,100000084385_HD1500-7_EO,100000084385,23.7,0.3,2025-12-10 00:00:00,2025-12-10,ЕТО,2025,12,12_2025
3265,3265,100000084385_HD1500-7_EO,100000084385,23.7,0.3,2025-12-11 00:00:00,2025-12-11,ЕТО,2025,12,12_2025
3266,3266,100000084385_HD1500-7_EO,100000084385,23.7,0.3,2025-12-12 00:00:00,2025-12-12,ЕТО,2025,12,12_2025
3267,3267,100000084385_HD1500-7_EO,100000084385,23.7,0.3,2025-12-13 00:00:00,2025-12-13,ЕТО,2025,12,12_2025
3268,3268,100000084385_HD1500-7_EO,100000084385,23.7,0.3,2025-12-14 00:00:00,2025-12-14,ЕТО,2025,12,12_2025
3269,3269,100000084385_HD1500-7_EO,100000084385,23.7,0.3,2025-12-15 00:00:00,2025-12-15,ЕТО,2025,12,12_2025
3270,3270,100000084385_HD1500-7_EO,100000084385,23.7,0.3,2025-12-16 00:00:00,2025-12-16,ЕТО,2025,12,12_2025
3271,3271,100000084385_HD1500-7_EO,100000084385,23.7,0.3,2025-12-17 00:00:00,2025-12-17,ЕТО,2025,12,12_2025
3272,3272,100000084385_HD1500-7_EO,100000084385,23.7,0.3,2025-12-18 00:00:00,2025-12-18,ЕТО,2025,12,12_2025
3273,3273,100000084385_HD1500-7_EO,100000084385,23.7,0.3,2025-12-19 00:00:00,2025-12-19,ЕТО,2025,12,12_2025
3274,3274,100000084385_HD1500-7_EO,100000084385,23.7,0.3,2025-12-20 00:00:00,2025-12-20,ЕТО,2025,12,12_2025
3275,3275,100000084385_HD1500-7_EO,100000084385,23.7,0.3,2025-12-21 00:00:00,2025-12-21,ЕТО,2025,12,12_2025
3276,3276,100000084385_HD1500-7_EO,100000084385,23.7,0.3,2025-12-22 00:00:00,2025-12-22,ЕТО,2025,12,12_2025
3277,3277,100000084385_HD1500-7_EO,100000084385,23.7,0.3,2025-12-23 00:00:00,2025-12-23,ЕТО,2025,12,12_2025
3278,3278,100000084385_HD1500-7_EO,100000084385,23.7,0.3,2025-12-24 00:00:00,2025-12-24,ЕТО,2025,12,12_2025
3279,3279,100000084385_HD1500-7_EO,100000084385,23.7,0.3,2025-12-25 00:00:00,2025-12-25,ЕТО,2025,12,12_2025
3280,3280,100000084385_HD1500-7_EO,100000084385,23.7,0.3,2025-12-26 00:00:00,2025-12-26,ЕТО,2025,12,12_2025
3281,3281,100000084385_HD1500-7_EO,100000084385,23.7,0.3,2025-12-27 00:00:00,2025-12-27,ЕТО,2025,12,12_2025
3282,3282,100000084385_HD1500-7_EO,100000084385,23.7,0.3,2025-12-28 00:00:00,2025-12-28,ЕТО,2025,12,12_2025
3283,3283,100000084385_HD1500-7_EO,100000084385,23.7,0.3,2025-12-29 00:00:00,2025-12-29,ЕТО,2025,12,12_2025
3284,3284,100000084385_HD1500-7_EO,100000084385,23.7,0.3,2025-12-30 00:00:00,2025-12-30,ЕТО,2025,12,12_2025
3285,3285,100000084385_HD1500-7_EO,100000084385,23.7,0.3,2025-12-31 00:00:00,2025-12-31,ЕТО,2025,12,12_2025
3421,3421,100000084385_HD1500-7_TO1,100000084385,250.0,1.0,2025-12-04 09:00:00,2025-12-04,ТО1-250,2025,12,12_2025
3422,3422,100000084385_HD1500-7_TO1,100000084385,250.0,1.0,2025-12-15 00:00:00,2025-12-15,ТО1-250,2025,12,12_2025
3423,3423,100000084385_HD1500-7_TO1,100000084385,250.0,1.0,2025-12-25 15:00:00,2025-12-25,ТО1-250,2025,12,12_2025
3492,3492,100000084385_HD1500-7_TO-2,100000084385,500.0,9.8,2025-12-16 10:00:00,2025-12-16,ТО2-500,2025,12,12_2025
3527,3527,100000084385_HD1500-7_TO-3,100000084385,1000.0,12.0,2025-12-16 10:00:00,2025-12-16,ТО3-1000,2025,12,12_2025
3545,3545,100000084385_HD1500-7_TO-4,100000084385,2000.0,16.0,2025-12-16 18:30:00,2025-12-16,ТО4-2000,2025,12,12_2025
3604,3604,100000084385_HD1500-7_TR,100000084385,660.0,60.0,2025-12-02 06:00:00,2025-12-02,ТР,2025,12,12_2025
3605,3605,100000084385_HD1500-7_TR,100000084385,660.0,60.0,2025-12-30 08:00:00,2025-12-30,ТР,2025,12,12_2025
3643,3643,100000084385_HD1500-7_LINING_PART,100000084385,2000.0,24.0,2025-12-16 18:30:00,2025-12-16,СВч (частичная футеровка),2025,12,12_2025
5079,5079,100000084386_HD1500-7_EO,100000084386,23.7,0.3,2025-12-01 00:00:00,2025-12-01,ЕТО,2025,12,12_2025
5080,5080,100000084386_HD1500-7_EO,100000084386,23.7,0.3,2025-12-02 00:00:00,2025-12-02,ЕТО,2025,12,12_2025
5081,5081,100000084386_HD1500-7_EO,100000084386,23.7,0.3,2025-12-03 00:00:00,2025-12-03,ЕТО,2025,12,12_2025
5082,5082,100000084386_HD1500-7_EO,100000084386,23.7,0.3,2025-12-04 00:00:00,2025-12-04,ЕТО,2025,12,12_2025
5083,5083,100000084386_HD1500-7_EO,100000084386,23.7,0.3,2025-12-05 00:00:00,2025-12-05,ЕТО,2025,12,12_2025
5084,5084,100000084386_HD1500-7_EO,100000084386,23.7,0.3,2025-12-06 00:00:00,2025-12-06,ЕТО,2025,12,12_2025
5085,5085,100000084386_HD1500-7_EO,100000084386,23.7,0.3,2025-12-07 00:00:00,2025-12-07,ЕТО,2025,12,12_2025
5086,5086,100000084386_HD1500-7_EO,100000084386,23.7,0.3,2025-12-08 00:00:00,2025-12-08,ЕТО,2025,12,12_2025
5087,5087,100000084386_HD1500-7_EO,100000084386,23.7,0.3,2025-12-09 00:00:00,2025-12-09,ЕТО,2025,12,12_2025
5088,5088,100000084386_HD1500-7_EO,100000084386,23.7,0.3,2025-12-10 00:00:00,2025-12-10,ЕТО,2025,12,12_2025
5089,5089,100000084386_HD1500-7_EO,100000084386,23.7,0.3,2025-12-11 00:00:00,2025-12-11,ЕТО,2025,12,12_2025
5090,5090,100000084386_HD1500-7_EO,100000084386,23.7,0.3,2025-12-12 00:00:00,2025-12-12,ЕТО,2025,12,12_2025
5091,5091,100000084386_HD1500-7_EO,100000084386,23.7,0.3,2025-12-13 00:00:00,2025-12-13,ЕТО,2025,12,12_2025
5092,5092,100000084386_HD1500-7_EO,100000084386,23.7,0.3,2025-12-14 00:00:00,2025-12-14,ЕТО,2025,12,12_2025
5093,5093,100000084386_HD1500-7_EO,100000084386,23.7,0.3,2025-12-15 00:00:00,2025-12-15,ЕТО,2025,12,12_2025
5094,5094,100000084386_HD1500-7_EO,100000084386,23.7,0.3,2025-12-16 00:00:00,2025-12-16,ЕТО,2025,12,12_2025
5095,5095,100000084386_HD1500-7_EO,100000084386,23.7,0.3,2025-12-17 00:00:00,2025-12-17,ЕТО,2025,12,12_2025
5096,5096,100000084386_HD1500-7_EO,100000084386,23.7,0.3,2025-12-18 00:00:00,2025-12-18,ЕТО,2025,12,12_2025
5097,5097,100000084386_HD1500-7_EO,100000084386,23.7,0.3,2025-12-19 00:00:00,2025-12-19,ЕТО,2025,12,12_2025
5098,5098,100000084386_HD1500-7_EO,100000084386,23.7,0.3,2025-12-20 00:00:00,2025-12-20,ЕТО,2025,12,12_2025
5099,5099,100000084386_HD1500-7_EO,100000084386,23.7,0.3,2025-12-21 00:00:00,2025-12-21,ЕТО,2025,12,12_2025
5100,5100,100000084386_HD1500-7_EO,100000084386,23.7,0.3,2025-12-22 00:00:00,2025-12-22,ЕТО,2025,12,12_2025
5101,5101,100000084386_HD1500-7_EO,100000084386,23.7,0.3,2025-12-23 00:00:00,2025-12-23,ЕТО,2025,12,12_2025
5102,5102,100000084386_HD1500-7_EO,100000084386,23.7,0.3,2025-12-24 00:00:00,2025-12-24,ЕТО,2025,12,12_2025
5103,5103,100000084386_HD1500-7_EO,100000084386,23.7,0.3,2025-12-25 00:00:00,2025-12-25,ЕТО,2025,12,12_2025
5104,5104,100000084386_HD1500-7_EO,100000084386,23.7,0.3,2025-12-26 00:00:00,2025-12-26,ЕТО,2025,12,12_2025
5105,5105,100000084386_HD1500-7_EO,100000084386,23.7,0.3,2025-12-27 00:00:00,2025-12-27,ЕТО,2025,12,12_2025
5106,5106,100000084386_HD1500-7_EO,100000084386,23.7,0.3,2025-12-28 00:00:00,2025-12-28,ЕТО,2025,12,12_2025
5107,5107,100000084386_HD1500-7_EO,100000084386,23.7,0.3,2025-12-29 00:00:00,2025-12-29,ЕТО,2025,12,12_2025
5108,5108,100000084386_HD1500-7_EO,100000084386,23.7,0.3,2025-12-30 00:00:00,2025-12-30,ЕТО,2025,12,12_2025
5109,5109,100000084386_HD1500-7_EO,100000084386,23.7,0.3,2025-12-31 00:00:00,2025-12-31,ЕТО,2025,12,12_2025
5245,5245,100000084386_HD1500-7_TO1,100000084386,250.0,1.0,2025-12-04 09:00:00,2025-12-04,ТО1-250,2025,12,12_2025
5246,5246,100000084386_HD1500-7_TO1,100000084386,250.0,1.0,2025-12-15 00:00:00,2025-12-15,ТО1-250,2025,12,12_2025
5247,5247,100000084386_HD1500-7_TO1,100000084386,250.0,1.0,2025-12-25 15:00:00,2025-12-25,ТО1-250,2025,12,12_2025
5316,5316,100000084386_HD1500-7_TO-2,100000084386,500.0,9.8,2025-12-16 10:00:00,2025-12-16,ТО2-500,2025,12,12_2025
5351,5351,100000084386_HD1500-7_TO-3,100000084386,1000.0,12.0,2025-12-16 10:00:00,2025-12-16,ТО3-1000,2025,12,12_2025
5369,5369,100000084386_HD1500-7_TO-4,100000084386,2000.0,16.0,2025-12-16 18:30:00,2025-12-16,ТО4-2000,2025,12,12_2025
5428,5428,100000084386_HD1500-7_TR,100000084386,660.0,60.0,2025-12-02 06:00:00,2025-12-02,ТР,2025,12,12_2025
5429,5429,100000084386_HD1500-7_TR,100000084386,660.0,60.0,2025-12-30 08:00:00,2025-12-30,ТР,2025,12,12_2025
5467,5467,100000084386_HD1500-7_LINING_PART,100000084386,2000.0,24.0,2025-12-16 18:30:00,2025-12-16,СВч (частичная футеровка),2025,12,12_2025
6903,6903,100000084387_HD1500-7_EO,100000084387,23.7,0.3,2025-12-01 00:00:00,2025-12-01,ЕТО,2025,12,12_2025
6904,6904,100000084387_HD1500-7_EO,100000084387,23.7,0.3,2025-12-02 00:00:00,2025-12-02,ЕТО,2025,12,12_2025
6905,6905,100000084387_HD1500-7_EO,100000084387,23.7,0.3,2025-12-03 00:00:00,2025-12-03,ЕТО,2025,12,12_2025
6906,6906,100000084387_HD1500-7_EO,100000084387,23.7,0.3,2025-12-04 00:00:00,2025-12-04,ЕТО,2025,12,12_2025
6907,6907,100000084387_HD1500-7_EO,100000084387,23.7,0.3,2025-12-05 00:00:00,2025-12-05,ЕТО,2025,12,12_2025
6908,6908,100000084387_HD1500-7_EO,100000084387,23.7,0.3,2025-12-06 00:00:00,2025-12-06,ЕТО,2025,12,12_2025
6909,6909,100000084387_HD1500-7_EO,100000084387,23.7,0.3,2025-12-07 00:00:00,2025-12-07,ЕТО,2025,12,12_2025
6910,6910,100000084387_HD1500-7_EO,100000084387,23.7,0.3,2025-12-08 00:00:00,2025-12-08,ЕТО,2025,12,12_2025
6911,6911,100000084387_HD1500-7_EO,100000084387,23.7,0.3,2025-12-09 00:00:00,2025-12-09,ЕТО,2025,12,12_2025
6912,6912,100000084387_HD1500-7_EO,100000084387,23.7,0.3,2025-12-10 00:00:00,2025-12-10,ЕТО,2025,12,12_2025
6913,6913,100000084387_HD1500-7_EO,100000084387,23.7,0.3,2025-12-11 00:00:00,2025-12-11,ЕТО,2025,12,12_2025
6914,6914,100000084387_HD1500-7_EO,100000084387,23.7,0.3,2025-12-12 00:00:00,2025-12-12,ЕТО,2025,12,12_2025
6915,6915,100000084387_HD1500-7_EO,100000084387,23.7,0.3,2025-12-13 00:00:00,2025-12-13,ЕТО,2025,12,12_2025
6916,6916,100000084387_HD1500-7_EO,100000084387,23.7,0.3,2025-12-14 00:00:00,2025-12-14,ЕТО,2025,12,12_2025
6917,6917,100000084387_HD1500-7_EO,100000084387,23.7,0.3,2025-12-15 00:00:00,2025-12-15,ЕТО,2025,12,12_2025
6918,6918,100000084387_HD1500-7_EO,100000084387,23.7,0.3,2025-12-16 00:00:00,2025-12-16,ЕТО,2025,12,12_2025
6919,6919,100000084387_HD1500-7_EO,100000084387,23.7,0.3,2025-12-17 00:00:00,2025-12-17,ЕТО,2025,12,12_2025
6920,6920,100000084387_HD1500-7_EO,100000084387,23.7,0.3,2025-12-18 00:00:00,2025-12-18,ЕТО,2025,12,12_2025
6921,6921,100000084387_HD1500-7_EO,100000084387,23.7,0.3,2025-12-19 00:00:00,2025-12-19,ЕТО,2025,12,12_2025
6922,6922,100000084387_HD1500-7_EO,100000084387,23.7,0.3,2025-12-20 00:00:00,2025-12-20,ЕТО,2025,12,12_2025
6923,6923,100000084387_HD1500-7_EO,100000084387,23.7,0.3,2025-12-21 00:00:00,2025-12-21,ЕТО,2025,12,12_2025
6924,6924,100000084387_HD1500-7_EO,100000084387,23.7,0.3,2025-12-22 00:00:00,2025-12-22,ЕТО,2025,12,12_2025
6925,6925,100000084387_HD1500-7_EO,100000084387,23.7,0.3,2025-12-23 00:00:00,2025-12-23,ЕТО,2025,12,12_2025
6926,6926,100000084387_HD1500-7_EO,100000084387,23.7,0.3,2025-12-24 00:00:00,2025-12-24,ЕТО,2025,12,12_2025
6927,6927,100000084387_HD1500-7_EO,100000084387,23.7,0.3,2025-12-25 00:00:00,2025-12-25,ЕТО,2025,12,12_2025
6928,6928,100000084387_HD1500-7_EO,100000084387,23.7,0.3,2025-12-26 00:00:00,2025-12-26,ЕТО,2025,12,12_2025
6929,6929,100000084387_HD1500-7_EO,100000084387,23.7,0.3,2025-12-27 00:00:00,2025-12-27,ЕТО,2025,12,12_2025
6930,6930,100000084387_HD1500-7_EO,100000084387,23.7,0.3,2025-12-28 00:00:00,2025-12-28,ЕТО,2025,12,12_2025
6931,6931,100000084387_HD1500-7_EO,100000084387,23.7,0.3,2025-12-29 00:00:00,2025-12-29,ЕТО,2025,12,12_2025
6932,6932,100000084387_HD1500-7_EO,100000084387,23.7,0.3,2025-12-30 00:00:00,2025-12-30,ЕТО,2025,12,12_2025
6933,6933,100000084387_HD1500-7_EO,100000084387,23.7,0.3,2025-12-31 00:00:00,2025-12-31,ЕТО,2025,12,12_2025
7069,7069,100000084387_HD1500-7_TO1,100000084387,250.0,1.0,2025-12-04 09:00:00,2025-12-04,ТО1-250,2025,12,12_2025
7070,7070,100000084387_HD1500-7_TO1,100000084387,250.0,1.0,2025-12-15 00:00:00,2025-12-15,ТО1-250,2025,12,12_2025
7071,7071,100000084387_HD1500-7_TO1,100000084387,250.0,1.0,2025-12-25 15:00:00,2025-12-25,ТО1-250,2025,12,12_2025
7140,7140,100000084387_HD1500-7_TO-2,100000084387,500.0,9.8,2025-12-16 10:00:00,2025-12-16,ТО2-500,2025,12,12_2025
7175,7175,100000084387_HD1500-7_TO-3,100000084387,1000.0,12.0,2025-12-16 10:00:00,2025-12-16,ТО3-1000,2025,12,12_2025
7193,7193,100000084387_HD1500-7_TO-4,100000084387,2000.0,16.0,2025-12-16 18:30:00,2025-12-16,ТО4-2000,2025,12,12_2025
7252,7252,100000084387_HD1500-7_TR,100000084387,660.0,60.0,2025-12-02 06:00:00,2025-12-02,ТР,2025,12,12_2025
7253,7253,100000084387_HD1500-7_TR,100000084387,660.0,60.0,2025-12-30 08:00:00,2025-12-30,ТР,2025,12,12_2025
7291,7291,100000084387_HD1500-7_LINING_PART,100000084387,2000.0,24.0,2025-12-16 18:30:00,2025-12-16,СВч (частичная футеровка),2025,12,12_2025
8727,8727,100000084388_HD1500-7_EO,100000084388,23.7,0.3,2025-12-01 00:00:00,2025-12-01,ЕТО,2025,12,12_2025
8728,8728,100000084388_HD1500-7_EO,100000084388,23.7,0.3,2025-12-02 00:00:00,2025-12-02,ЕТО,2025,12,12_2025
8729,8729,100000084388_HD1500-7_EO,100000084388,23.7,0.3,2025-12-03 00:00:00,2025-12-03,ЕТО,2025,12,12_2025
8730,8730,100000084388_HD1500-7_EO,100000084388,23.7,0.3,2025-12-04 00:00:00,2025-12-04,ЕТО,2025,12,12_2025
8731,8731,100000084388_HD1500-7_EO,100000084388,23.7,0.3,2025-12-05 00:00:00,2025-12-05,ЕТО,2025,12,12_2025
8732,8732,100000084388_HD1500-7_EO,100000084388,23.7,0.3,2025-12-06 00:00:00,2025-12-06,ЕТО,2025,12,12_2025
8733,8733,100000084388_HD1500-7_EO,100000084388,23.7,0.3,2025-12-07 00:00:00,2025-12-07,ЕТО,2025,12,12_2025
8734,8734,100000084388_HD1500-7_EO,100000084388,23.7,0.3,2025-12-08 00:00:00,2025-12-08,ЕТО,2025,12,12_2025
8735,8735,100000084388_HD1500-7_EO,100000084388,23.7,0.3,2025-12-09 00:00:00,2025-12-09,ЕТО,2025,12,12_2025
8736,8736,100000084388_HD1500-7_EO,100000084388,23.7,0.3,2025-12-10 00:00:00,2025-12-10,ЕТО,2025,12,12_2025
8737,8737,100000084388_HD1500-7_EO,100000084388,23.7,0.3,2025-12-11 00:00:00,2025-12-11,ЕТО,2025,12,12_2025
8738,8738,100000084388_HD1500-7_EO,100000084388,23.7,0.3,2025-12-12 00:00:00,2025-12-12,ЕТО,2025,12,12_2025
8739,8739,100000084388_HD1500-7_EO,100000084388,23.7,0.3,2025-12-13 00:00:00,2025-12-13,ЕТО,2025,12,12_2025
8740,8740,100000084388_HD1500-7_EO,100000084388,23.7,0.3,2025-12-14 00:00:00,2025-12-14,ЕТО,2025,12,12_2025
8741,8741,100000084388_HD1500-7_EO,100000084388,23.7,0.3,2025-12-15 00:00:00,2025-12-15,ЕТО,2025,12,12_2025
8742,8742,100000084388_HD1500-7_EO,100000084388,23.7,0.3,2025-12-16 00:00:00,2025-12-16,ЕТО,2025,12,12_2025
8743,8743,100000084388_HD1500-7_EO,100000084388,23.7,0.3,2025-12-17 00:00:00,2025-12-17,ЕТО,2025,12,12_2025
8744,8744,100000084388_HD1500-7_EO,100000084388,23.7,0.3,2025-12-18 00:00:00,2025-12-18,ЕТО,2025,12,12_2025
8745,8745,100000084388_HD1500-7_EO,100000084388,23.7,0.3,2025-12-19 00:00:00,2025-12-19,ЕТО,2025,12,12_2025
8746,8746,100000084388_HD1500-7_EO,100000084388,23.7,0.3,2025-12-20 00:00:00,2025-12-20,ЕТО,2025,12,12_2025
8747,8747,100000084388_HD1500-7_EO,100000084388,23.7,0.3,2025-12-21 00:00:00,2025-12-21,ЕТО,2025,12,12_2025
8748,8748,100000084388_HD1500-7_EO,100000084388,23.7,0.3,2025-12-22 00:00:00,2025-12-22,ЕТО,2025,12,12_2025
8749,8749,100000084388_HD1500-7_EO,100000084388,23.7,0.3,2025-12-23 00:00:00,2025-12-23,ЕТО,2025,12,12_2025
8750,8750,100000084388_HD1500-7_EO,100000084388,23.7,0.3,2025-12-24 00:00:00,2025-12-24,ЕТО,2025,12,12_2025
8751,8751,100000084388_HD1500-7_EO,100000084388,23.7,0.3,2025-12-25 00:00:00,2025-12-25,ЕТО,2025,12,12_2025
8752,8752,100000084388_HD1500-7_EO,100000084388,23.7,0.3,2025-12-26 00:00:00,2025-12-26,ЕТО,2025,12,12_2025
8753,8753,100000084388_HD1500-7_EO,100000084388,23.7,0.3,2025-12-27 00:00:00,2025-12-27,ЕТО,2025,12,12_2025
8754,8754,100000084388_HD1500-7_EO,100000084388,23.7,0.3,2025-12-28 00:00:00,2025-12-28,ЕТО,2025,12,12_2025
8755,8755,100000084388_HD1500-7_EO,100000084388,23.7,0.3,2025-12-29 00:00:00,2025-12-29,ЕТО,2025,12,12_2025
8756,8756,100000084388_HD1500-7_EO,100000084388,23.7,0.3,2025-12-30 00:00:00,2025-12-30,ЕТО,2025,12,12_2025
8757,8757,100000084388_HD1500-7_EO,100000084388,23.7,0.3,2025-12-31 00:00:00,2025-12-31,ЕТО,2025,12,12_2025
8893,8893,100000084388_HD1500-7_TO1,100000084388,250.0,1.0,2025-12-04 09:00:00,2025-12-04,ТО1-250,2025,12,12_2025
8894,8894,100000084388_HD1500-7_TO1,100000084388,250.0,1.0,2025-12-15 00:00:00,2025-12-15,ТО1-250,2025,12,12_2025
8895,8895,100000084388_HD1500-7_TO1,100000084388,250.0,1.0,2025-12-25 15:00:00,2025-12-25,ТО1-250,2025,12,12_2025
8964,8964,100000084388_HD1500-7_TO-2,100000084388,500.0,9.8,2025-12-16 10:00:00,2025-12-16,ТО2-500,2025,12,12_2025
8999,8999,100000084388_HD1500-7_TO-3,100000084388,1000.0,12.0,2025-12-16 10:00:00,2025-12-16,ТО3-1000,2025,12,12_2025
9017,9017,100000084388_HD1500-7_TO-4,100000084388,2000.0,16.0,2025-12-16 18:30:00,2025-12-16,ТО4-2000,2025,12,12_2025
9076,9076,100000084388_HD1500-7_TR,100000084388,660.0,60.0,2025-12-02 06:00:00,2025-12-02,ТР,2025,12,12_2025
9077,9077,100000084388_HD1500-7_TR,100000084388,660.0,60.0,2025-12-30 08:00:00,2025-12-30,ТР,2025,12,12_2025
9115,9115,100000084388_HD1500-7_LINING_PART,100000084388,2000.0,24.0,2025-12-16 18:30:00,2025-12-16,СВч (частичная футеровка),2025,12,12_2025
10551,10551,100000093057_HD1500-7_EO,100000093057,23.7,0.3,2025-12-01 00:00:00,2025-12-01,ЕТО,2025,12,12_2025
10552,10552,100000093057_HD1500-7_EO,100000093057,23.7,0.3,2025-12-02 00:00:00,2025-12-02,ЕТО,2025,12,12_2025
10553,10553,100000093057_HD1500-7_EO,100000093057,23.7,0.3,2025-12-03 00:00:00,2025-12-03,ЕТО,2025,12,12_2025
10554,10554,100000093057_HD1500-7_EO,100000093057,23.7,0.3,2025-12-04 00:00:00,2025-12-04,ЕТО,2025,12,12_2025
10555,10555,100000093057_HD1500-7_EO,100000093057,23.7,0.3,2025-12-05 00:00:00,2025-12-05,ЕТО,2025,12,12_2025
10556,10556,100000093057_HD1500-7_EO,100000093057,23.7,0.3,2025-12-06 00:00:00,2025-12-06,ЕТО,2025,12,12_2025
10557,10557,100000093057_HD1500-7_EO,100000093057,23.7,0.3,2025-12-07 00:00:00,2025-12-07,ЕТО,2025,12,12_2025
10558,10558,100000093057_HD1500-7_EO,100000093057,23.7,0.3,2025-12-08 00:00:00,2025-12-08,ЕТО,2025,12,12_2025
10559,10559,100000093057_HD1500-7_EO,100000093057,23.7,0.3,2025-12-09 00:00:00,2025-12-09,ЕТО,2025,12,12_2025
10560,10560,100000093057_HD1500-7_EO,100000093057,23.7,0.3,2025-12-10 00:00:00,2025-12-10,ЕТО,2025,12,12_2025
10561,10561,100000093057_HD1500-7_EO,100000093057,23.7,0.3,2025-12-11 00:00:00,2025-12-11,ЕТО,2025,12,12_2025
10562,10562,100000093057_HD1500-7_EO,100000093057,23.7,0.3,2025-12-12 00:00:00,2025-12-12,ЕТО,2025,12,12_2025
10563,10563,100000093057_HD1500-7_EO,100000093057,23.7,0.3,2025-12-13 00:00:00,2025-12-13,ЕТО,2025,12,12_2025
10564,10564,100000093057_HD1500-7_EO,100000093057,23.7,0.3,2025-12-14 00:00:00,2025-12-14,ЕТО,2025,12,12_2025
10565,10565,100000093057_HD1500-7_EO,100000093057,23.7,0.3,2025-12-15 00:00:00,2025-12-15,ЕТО,2025,12,12_2025
10566,10566,100000093057_HD1500-7_EO,100000093057,23.7,0.3,2025-12-16 00:00:00,2025-12-16,ЕТО,2025,12,12_2025
10567,10567,100000093057_HD1500-7_EO,100000093057,23.7,0.3,2025-12-17 00:00:00,2025-12-17,ЕТО,2025,12,12_2025
10568,10568,100000093057_HD1500-7_EO,100000093057,23.7,0.3,2025-12-18 00:00:00,2025-12-18,ЕТО,2025,12,12_2025
10569,10569,100000093057_HD1500-7_EO,100000093057,23.7,0.3,2025-12-19 00:00:00,2025-12-19,ЕТО,2025,12,12_2025
10570,10570,100000093057_HD1500-7_EO,100000093057,23.7,0.3,2025-12-20 00:00:00,2025-12-20,ЕТО,2025,12,12_2025
10571,10571,100000093057_HD1500-7_EO,100000093057,23.7,0.3,2025-12-21 00:00:00,2025-12-21,ЕТО,2025,12,12_2025
10572,10572,100000093057_HD1500-7_EO,100000093057,23.7,0.3,2025-12-22 00:00:00,2025-12-22,ЕТО,2025,12,12_2025
10573,10573,100000093057_HD1500-7_EO,100000093057,23.7,0.3,2025-12-23 00:00:00,2025-12-23,ЕТО,2025,12,12_2025
10574,10574,100000093057_HD1500-7_EO,100000093057,23.7,0.3,2025-12-24 00:00:00,2025-12-24,ЕТО,2025,12,12_2025
10575,10575,100000093057_HD1500-7_EO,100000093057,23.7,0.3,2025-12-25 00:00:00,2025-12-25,ЕТО,2025,12,12_2025
10576,10576,100000093057_HD1500-7_EO,100000093057,23.7,0.3,2025-12-26 00:00:00,2025-12-26,ЕТО,2025,12,12_2025
10577,10577,100000093057_HD1500-7_EO,100000093057,23.7,0.3,2025-12-27 00:00:00,2025-12-27,ЕТО,2025,12,12_2025
10578,10578,100000093057_HD1500-7_EO,100000093057,23.7,0.3,2025-12-28 00:00:00,2025-12-28,ЕТО,2025,12,12_2025
10579,10579,100000093057_HD1500-7_EO,100000093057,23.7,0.3,2025-12-29 00:00:00,2025-12-29,ЕТО,2025,12,12_2025
10580,10580,100000093057_HD1500-7_EO,100000093057,23.7,0.3,2025-12-30 00:00:00,2025-12-30,ЕТО,2025,12,12_2025
10581,10581,100000093057_HD1500-7_EO,100000093057,23.7,0.3,2025-12-31 00:00:00,2025-12-31,ЕТО,2025,12,12_2025
10717,10717,100000093057_HD1500-7_TO1,100000093057,250.0,1.0,2025-12-04 09:00:00,2025-12-04,ТО1-250,2025,12,12_2025
10718,10718,100000093057_HD1500-7_TO1,100000093057,250.0,1.0,2025-12-15 00:00:00,2025-12-15,ТО1-250,2025,12,12_2025
10719,10719,100000093057_HD1500-7_TO1,100000093057,250.0,1.0,2025-12-25 15:00:00,2025-12-25,ТО1-250,2025,12,12_2025
10788,10788,100000093057_HD1500-7_TO-2,100000093057,500.0,9.8,2025-12-16 10:00:00,2025-12-16,ТО2-500,2025,12,12_2025
10823,10823,100000093057_HD1500-7_TO-3,100000093057,1000.0,12.0,2025-12-16 10:00:00,2025-12-16,ТО3-1000,2025,12,12_2025
10841,10841,100000093057_HD1500-7_TO-4,100000093057,2000.0,16.0,2025-12-16 18:30:00,2025-12-16,ТО4-2000,2025,12,12_2025
10900,10900,100000093057_HD1500-7_TR,100000093057,660.0,60.0,2025-12-02 06:00:00,2025-12-02,ТР,2025,12,12_2025
10901,10901,100000093057_HD1500-7_TR,100000093057,660.0,60.0,2025-12-30 08:00:00,2025-12-30,ТР,2025,12,12_2025
10939,10939,100000093057_HD1500-7_LINING_PART,100000093057,2000.0,24.0,2025-12-16 18:30:00,2025-12-16,СВч (частичная футеровка),2025,12,12_2025
12375,12375,100000084389_HD1500-7_EO,100000084389,23.7,0.3,2025-12-01 00:00:00,2025-12-01,ЕТО,2025,12,12_2025
12376,12376,100000084389_HD1500-7_EO,100000084389,23.7,0.3,2025-12-02 00:00:00,2025-12-02,ЕТО,2025,12,12_2025
12377,12377,100000084389_HD1500-7_EO,100000084389,23.7,0.3,2025-12-03 00:00:00,2025-12-03,ЕТО,2025,12,12_2025
12378,12378,100000084389_HD1500-7_EO,100000084389,23.7,0.3,2025-12-04 00:00:00,2025-12-04,ЕТО,2025,12,12_2025
12379,12379,100000084389_HD1500-7_EO,100000084389,23.7,0.3,2025-12-05 00:00:00,2025-12-05,ЕТО,2025,12,12_2025
12380,12380,100000084389_HD1500-7_EO,100000084389,23.7,0.3,2025-12-06 00:00:00,2025-12-06,ЕТО,2025,12,12_2025
12381,12381,100000084389_HD1500-7_EO,100000084389,23.7,0.3,2025-12-07 00:00:00,2025-12-07,ЕТО,2025,12,12_2025
12382,12382,100000084389_HD1500-7_EO,100000084389,23.7,0.3,2025-12-08 00:00:00,2025-12-08,ЕТО,2025,12,12_2025
12383,12383,100000084389_HD1500-7_EO,100000084389,23.7,0.3,2025-12-09 00:00:00,2025-12-09,ЕТО,2025,12,12_2025
12384,12384,100000084389_HD1500-7_EO,100000084389,23.7,0.3,2025-12-10 00:00:00,2025-12-10,ЕТО,2025,12,12_2025
12385,12385,100000084389_HD1500-7_EO,100000084389,23.7,0.3,2025-12-11 00:00:00,2025-12-11,ЕТО,2025,12,12_2025
12386,12386,100000084389_HD1500-7_EO,100000084389,23.7,0.3,2025-12-12 00:00:00,2025-12-12,ЕТО,2025,12,12_2025
12387,12387,100000084389_HD1500-7_EO,100000084389,23.7,0.3,2025-12-13 00:00:00,2025-12-13,ЕТО,2025,12,12_2025
12388,12388,100000084389_HD1500-7_EO,100000084389,23.7,0.3,2025-12-14 00:00:00,2025-12-14,ЕТО,2025,12,12_2025
12389,12389,100000084389_HD1500-7_EO,100000084389,23.7,0.3,2025-12-15 00:00:00,2025-12-15,ЕТО,2025,12,12_2025
12390,12390,100000084389_HD1500-7_EO,100000084389,23.7,0.3,2025-12-16 00:00:00,2025-12-16,ЕТО,2025,12,12_2025
12391,12391,100000084389_HD1500-7_EO,100000084389,23.7,0.3,2025-12-17 00:00:00,2025-12-17,ЕТО,2025,12,12_2025
12392,12392,100000084389_HD1500-7_EO,100000084389,23.7,0.3,2025-12-18 00:00:00,2025-12-18,ЕТО,2025,12,12_2025
12393,12393,100000084389_HD1500-7_EO,100000084389,23.7,0.3,2025-12-19 00:00:00,2025-12-19,ЕТО,2025,12,12_2025
12394,12394,100000084389_HD1500-7_EO,100000084389,23.7,0.3,2025-12-20 00:00:00,2025-12-20,ЕТО,2025,12,12_2025
12395,12395,100000084389_HD1500-7_EO,100000084389,23.7,0.3,2025-12-21 00:00:00,2025-12-21,ЕТО,2025,12,12_2025
12396,12396,100000084389_HD1500-7_EO,100000084389,23.7,0.3,2025-12-22 00:00:00,2025-12-22,ЕТО,2025,12,12_2025
12397,12397,100000084389_HD1500-7_EO,100000084389,23.7,0.3,2025-12-23 00:00:00,2025-12-23,ЕТО,2025,12,12_2025
12398,12398,100000084389_HD1500-7_EO,100000084389,23.7,0.3,2025-12-24 00:00:00,2025-12-24,ЕТО,2025,12,12_2025
12399,12399,100000084389_HD1500-7_EO,100000084389,23.7,0.3,2025-12-25 00:00:00,2025-12-25,ЕТО,2025,12,12_2025
12400,12400,100000084389_HD1500-7_EO,100000084389,23.7,0.3,2025-12-26 00:00:00,2025-12-26,ЕТО,2025,12,12_2025
12401,12401,100000084389_HD1500-7_EO,100000084389,23.7,0.3,2025-12-27 00:00:00,2025-12-27,ЕТО,2025,12,12_2025
12402,12402,100000084389_HD1500-7_EO,100000084389,23.7,0.3,2025-12-28 00:00:00,2025-12-28,ЕТО,2025,12,12_2025
12403,12403,100000084389_HD1500-7_EO,100000084389,23.7,0.3,2025-12-29 00:00:00,2025-12-29,ЕТО,2025,12,12_2025
12404,12404,100000084389_HD1500-7_EO,100000084389,23.7,0.3,2025-12-30 00:00:00,2025-12-30,ЕТО,2025,12,12_2025
12405,12405,100000084389_HD1500-7_EO,100000084389,23.7,0.3,2025-12-31 00:00:00,2025-12-31,ЕТО,2025,12,12_2025
12541,12541,100000084389_HD1500-7_TO1,100000084389,250.0,1.0,2025-12-04 09:00:00,2025-12-04,ТО1-250,2025,12,12_2025
12542,12542,100000084389_HD1500-7_TO1,100000084389,250.0,1.0,2025-12-15 00:00:00,2025-12-15,ТО1-250,2025,12,12_2025
12543,12543,100000084389_HD1500-7_TO1,100000084389,250.0,1.0,2025-12-25 15:00:00,2025-12-25,ТО1-250,2025,12,12_2025
12612,12612,100000084389_HD1500-7_TO-2,100000084389,500.0,9.8,2025-12-16 10:00:00,2025-12-16,ТО2-500,2025,12,12_2025
12647,12647,100000084389_HD1500-7_TO-3,100000084389,1000.0,12.0,2025-12-16 10:00:00,2025-12-16,ТО3-1000,2025,12,12_2025
12665,12665,100000084389_HD1500-7_TO-4,100000084389,2000.0,16.0,2025-12-16 18:30:00,2025-12-16,ТО4-2000,2025,12,12_2025
12724,12724,100000084389_HD1500-7_TR,100000084389,660.0,60.0,2025-12-02 06:00:00,2025-12-02,ТР,2025,12,12_2025
12725,12725,100000084389_HD1500-7_TR,100000084389,660.0,60.0,2025-12-30 08:00:00,2025-12-30,ТР,2025,12,12_2025
12763,12763,100000084389_HD1500-7_LINING_PART,100000084389,2000.0,24.0,2025-12-16 18:30:00,2025-12-16,СВч (частичная футеровка),2025,12,12_2025
14199,14199,100000084390_HD1500-7_EO,100000084390,23.7,0.3,2025-12-01 00:00:00,2025-12-01,ЕТО,2025,12,12_2025
14200,14200,100000084390_HD1500-7_EO,100000084390,23.7,0.3,2025-12-02 00:00:00,2025-12-02,ЕТО,2025,12,12_2025
14201,14201,100000084390_HD1500-7_EO,100000084390,23.7,0.3,2025-12-03 00:00:00,2025-12-03,ЕТО,2025,12,12_2025
14202,14202,100000084390_HD1500-7_EO,100000084390,23.7,0.3,2025-12-04 00:00:00,2025-12-04,ЕТО,2025,12,12_2025
14203,14203,100000084390_HD1500-7_EO,100000084390,23.7,0.3,2025-12-05 00:00:00,2025-12-05,ЕТО,2025,12,12_2025
14204,14204,100000084390_HD1500-7_EO,100000084390,23.7,0.3,2025-12-06 00:00:00,2025-12-06,ЕТО,2025,12,12_2025
14205,14205,100000084390_HD1500-7_EO,100000084390,23.7,0.3,2025-12-07 00:00:00,2025-12-07,ЕТО,2025,12,12_2025
14206,14206,100000084390_HD1500-7_EO,100000084390,23.7,0.3,2025-12-08 00:00:00,2025-12-08,ЕТО,2025,12,12_2025
14207,14207,100000084390_HD1500-7_EO,100000084390,23.7,0.3,2025-12-09 00:00:00,2025-12-09,ЕТО,2025,12,12_2025
14208,14208,100000084390_HD1500-7_EO,100000084390,23.7,0.3,2025-12-10 00:00:00,2025-12-10,ЕТО,2025,12,12_2025
14209,14209,100000084390_HD1500-7_EO,100000084390,23.7,0.3,2025-12-11 00:00:00,2025-12-11,ЕТО,2025,12,12_2025
14210,14210,100000084390_HD1500-7_EO,100000084390,23.7,0.3,2025-12-12 00:00:00,2025-12-12,ЕТО,2025,12,12_2025
14211,14211,100000084390_HD1500-7_EO,100000084390,23.7,0.3,2025-12-13 00:00:00,2025-12-13,ЕТО,2025,12,12_2025
14212,14212,100000084390_HD1500-7_EO,100000084390,23.7,0.3,2025-12-14 00:00:00,2025-12-14,ЕТО,2025,12,12_2025
14213,14213,100000084390_HD1500-7_EO,100000084390,23.7,0.3,2025-12-15 00:00:00,2025-12-15,ЕТО,2025,12,12_2025
14214,14214,100000084390_HD1500-7_EO,100000084390,23.7,0.3,2025-12-16 00:00:00,2025-12-16,ЕТО,2025,12,12_2025
14215,14215,100000084390_HD1500-7_EO,100000084390,23.7,0.3,2025-12-17 00:00:00,2025-12-17,ЕТО,2025,12,12_2025
14216,14216,100000084390_HD1500-7_EO,100000084390,23.7,0.3,2025-12-18 00:00:00,2025-12-18,ЕТО,2025,12,12_2025
14217,14217,100000084390_HD1500-7_EO,100000084390,23.7,0.3,2025-12-19 00:00:00,2025-12-19,ЕТО,2025,12,12_2025
14218,14218,100000084390_HD1500-7_EO,100000084390,23.7,0.3,2025-12-20 00:00:00,2025-12-20,ЕТО,2025,12,12_2025
14219,14219,100000084390_HD1500-7_EO,100000084390,23.7,0.3,2025-12-21 00:00:00,2025-12-21,ЕТО,2025,12,12_2025
14220,14220,100000084390_HD1500-7_EO,100000084390,23.7,0.3,2025-12-22 00:00:00,2025-12-22,ЕТО,2025,12,12_2025
14221,14221,100000084390_HD1500-7_EO,100000084390,23.7,0.3,2025-12-23 00:00:00,2025-12-23,ЕТО,2025,12,12_2025
14222,14222,100000084390_HD1500-7_EO,100000084390,23.7,0.3,2025-12-24 00:00:00,2025-12-24,ЕТО,2025,12,12_2025
14223,14223,100000084390_HD1500-7_EO,100000084390,23.7,0.3,2025-12-25 00:00:00,2025-12-25,ЕТО,2025,12,12_2025
14224,14224,100000084390_HD1500-7_EO,100000084390,23.7,0.3,2025-12-26 00:00:00,2025-12-26,ЕТО,2025,12,12_2025
14225,14225,100000084390_HD1500-7_EO,100000084390,23.7,0.3,2025-12-27 00:00:00,2025-12-27,ЕТО,2025,12,12_2025
14226,14226,100000084390_HD1500-7_EO,100000084390,23.7,0.3,2025-12-28 00:00:00,2025-12-28,ЕТО,2025,12,12_2025
14227,14227,100000084390_HD1500-7_EO,100000084390,23.7,0.3,2025-12-29 00:00:00,2025-12-29,ЕТО,2025,12,12_2025
14228,14228,100000084390_HD1500-7_EO,100000084390,23.7,0.3,2025-12-30 00:00:00,2025-12-30,ЕТО,2025,12,12_2025
14229,14229,100000084390_HD1500-7_EO,100000084390,23.7,0.3,2025-12-31 00:00:00,2025-12-31,ЕТО,2025,12,12_2025
14365,14365,100000084390_HD1500-7_TO1,100000084390,250.0,1.0,2025-12-04 09:00:00,2025-12-04,ТО1-250,2025,12,12_2025
14366,14366,100000084390_HD1500-7_TO1,100000084390,250.0,1.0,2025-12-15 00:00:00,2025-12-15,ТО1-250,2025,12,12_2025
14367,14367,100000084390_HD1500-7_TO1,100000084390,250.0,1.0,2025-12-25 15:00:00,2025-12-25,ТО1-250,2025,12,12_2025
14436,14436,100000084390_HD1500-7_TO-2,100000084390,500.0,9.8,2025-12-16 10:00:00,2025-12-16,ТО2-500,2025,12,12_2025
14471,14471,100000084390_HD1500-7_TO-3,100000084390,1000.0,12.0,2025-12-16 10:00:00,2025-12-16,ТО3-1000,2025,12,12_2025
14489,14489,100000084390_HD1500-7_TO-4,100000084390,2000.0,16.0,2025-12-16 18:30:00,2025-12-16,ТО4-2000,2025,12,12_2025
14548,14548,100000084390_HD1500-7_TR,100000084390,660.0,60.0,2025-12-02 06:00:00,2025-12-02,ТР,2025,12,12_2025
14549,14549,100000084390_HD1500-7_TR,100000084390,660.0,60.0,2025-12-30 08:00:00,2025-12-30,ТР,2025,12,12_2025
14587,14587,100000084390_HD1500-7_LINING_PART,100000084390,2000.0,24.0,2025-12-16 18:30:00,2025-12-16,СВч (частичная футеровка),2025,12,12_2025
16023,16023,100000084391_HD1500-7_EO,100000084391,23.7,0.3,2025-12-01 00:00:00,2025-12-01,ЕТО,2025,12,12_2025
16024,16024,100000084391_HD1500-7_EO,100000084391,23.7,0.3,2025-12-02 00:00:00,2025-12-02,ЕТО,2025,12,12_2025
16025,16025,100000084391_HD1500-7_EO,100000084391,23.7,0.3,2025-12-03 00:00:00,2025-12-03,ЕТО,2025,12,12_2025
16026,16026,100000084391_HD1500-7_EO,100000084391,23.7,0.3,2025-12-04 00:00:00,2025-12-04,ЕТО,2025,12,12_2025
16027,16027,100000084391_HD1500-7_EO,100000084391,23.7,0.3,2025-12-05 00:00:00,2025-12-05,ЕТО,2025,12,12_2025
16028,16028,100000084391_HD1500-7_EO,100000084391,23.7,0.3,2025-12-06 00:00:00,2025-12-06,ЕТО,2025,12,12_2025
16029,16029,100000084391_HD1500-7_EO,100000084391,23.7,0.3,2025-12-07 00:00:00,2025-12-07,ЕТО,2025,12,12_2025
16030,16030,100000084391_HD1500-7_EO,100000084391,23.7,0.3,2025-12-08 00:00:00,2025-12-08,ЕТО,2025,12,12_2025
16031,16031,100000084391_HD1500-7_EO,100000084391,23.7,0.3,2025-12-09 00:00:00,2025-12-09,ЕТО,2025,12,12_2025
16032,16032,100000084391_HD1500-7_EO,100000084391,23.7,0.3,2025-12-10 00:00:00,2025-12-10,ЕТО,2025,12,12_2025
16033,16033,100000084391_HD1500-7_EO,100000084391,23.7,0.3,2025-12-11 00:00:00,2025-12-11,ЕТО,2025,12,12_2025
16034,16034,100000084391_HD1500-7_EO,100000084391,23.7,0.3,2025-12-12 00:00:00,2025-12-12,ЕТО,2025,12,12_2025
16035,16035,100000084391_HD1500-7_EO,100000084391,23.7,0.3,2025-12-13 00:00:00,2025-12-13,ЕТО,2025,12,12_2025
16036,16036,100000084391_HD1500-7_EO,100000084391,23.7,0.3,2025-12-14 00:00:00,2025-12-14,ЕТО,2025,12,12_2025
16037,16037,100000084391_HD1500-7_EO,100000084391,23.7,0.3,2025-12-15 00:00:00,2025-12-15,ЕТО,2025,12,12_2025
16038,16038,100000084391_HD1500-7_EO,100000084391,23.7,0.3,2025-12-16 00:00:00,2025-12-16,ЕТО,2025,12,12_2025
16039,16039,100000084391_HD1500-7_EO,100000084391,23.7,0.3,2025-12-17 00:00:00,2025-12-17,ЕТО,2025,12,12_2025
16040,16040,100000084391_HD1500-7_EO,100000084391,23.7,0.3,2025-12-18 00:00:00,2025-12-18,ЕТО,2025,12,12_2025
16041,16041,100000084391_HD1500-7_EO,100000084391,23.7,0.3,2025-12-19 00:00:00,2025-12-19,ЕТО,2025,12,12_2025
16042,16042,100000084391_HD1500-7_EO,100000084391,23.7,0.3,2025-12-20 00:00:00,2025-12-20,ЕТО,2025,12,12_2025
16043,16043,100000084391_HD1500-7_EO,100000084391,23.7,0.3,2025-12-21 00:00:00,2025-12-21,ЕТО,2025,12,12_2025
16044,16044,100000084391_HD1500-7_EO,100000084391,23.7,0.3,2025-12-22 00:00:00,2025-12-22,ЕТО,2025,12,12_2025
16045,16045,100000084391_HD1500-7_EO,100000084391,23.7,0.3,2025-12-23 00:00:00,2025-12-23,ЕТО,2025,12,12_2025
16046,16046,100000084391_HD1500-7_EO,100000084391,23.7,0.3,2025-12-24 00:00:00,2025-12-24,ЕТО,2025,12,12_2025
16047,16047,100000084391_HD1500-7_EO,100000084391,23.7,0.3,2025-12-25 00:00:00,2025-12-25,ЕТО,2025,12,12_2025
16048,16048,100000084391_HD1500-7_EO,100000084391,23.7,0.3,2025-12-26 00:00:00,2025-12-26,ЕТО,2025,12,12_2025
16049,16049,100000084391_HD1500-7_EO,100000084391,23.7,0.3,2025-12-27 00:00:00,2025-12-27,ЕТО,2025,12,12_2025
16050,16050,100000084391_HD1500-7_EO,100000084391,23.7,0.3,2025-12-28 00:00:00,2025-12-28,ЕТО,2025,12,12_2025
16051,16051,100000084391_HD1500-7_EO,100000084391,23.7,0.3,2025-12-29 00:00:00,2025-12-29,ЕТО,2025,12,12_2025
16052,16052,100000084391_HD1500-7_EO,100000084391,23.7,0.3,2025-12-30 00:00:00,2025-12-30,ЕТО,2025,12,12_2025
16053,16053,100000084391_HD1500-7_EO,100000084391,23.7,0.3,2025-12-31 00:00:00,2025-12-31,ЕТО,2025,12,12_2025
16189,16189,100000084391_HD1500-7_TO1,100000084391,250.0,1.0,2025-12-04 09:00:00,2025-12-04,ТО1-250,2025,12,12_2025
16190,16190,100000084391_HD1500-7_TO1,100000084391,250.0,1.0,2025-12-15 00:00:00,2025-12-15,ТО1-250,2025,12,12_2025
16191,16191,100000084391_HD1500-7_TO1,100000084391,250.0,1.0,2025-12-25 15:00:00,2025-12-25,ТО1-250,2025,12,12_2025
16260,16260,100000084391_HD1500-7_TO-2,100000084391,500.0,9.8,2025-12-16 10:00:00,2025-12-16,ТО2-500,2025,12,12_2025
16295,16295,100000084391_HD1500-7_TO-3,100000084391,1000.0,12.0,2025-12-16 10:00:00,2025-12-16,ТО3-1000,2025,12,12_2025
16313,16313,100000084391_HD1500-7_TO-4,100000084391,2000.0,16.0,2025-12-16 18:30:00,2025-12-16,ТО4-2000,2025,12,12_2025
16372,16372,100000084391_HD1500-7_TR,100000084391,660.0,60.0,2025-12-02 06:00:00,2025-12-02,ТР,2025,12,12_2025
16373,16373,100000084391_HD1500-7_TR,100000084391,660.0,60.0,2025-12-30 08:00:00,2025-12-30,ТР,2025,12,12_2025
16411,16411,100000084391_HD1500-7_LINING_PART,100000084391,2000.0,24.0,2025-12-16 18:30:00,2025-12-16,СВч (частичная футеровка),2025,12,12_2025
17847,17847,100000084392_HD1500-7_EO,100000084392,23.7,0.3,2025-12-01 00:00:00,2025-12-01,ЕТО,2025,12,12_2025
17848,17848,100000084392_HD1500-7_EO,100000084392,23.7,0.3,2025-12-02 00:00:00,2025-12-02,ЕТО,2025,12,12_2025
17849,17849,100000084392_HD1500-7_EO,100000084392,23.7,0.3,2025-12-03 00:00:00,2025-12-03,ЕТО,2025,12,12_2025
17850,17850,100000084392_HD1500-7_EO,100000084392,23.7,0.3,2025-12-04 00:00:00,2025-12-04,ЕТО,2025,12,12_2025
17851,17851,100000084392_HD1500-7_EO,100000084392,23.7,0.3,2025-12-05 00:00:00,2025-12-05,ЕТО,2025,12,12_2025
17852,17852,100000084392_HD1500-7_EO,100000084392,23.7,0.3,2025-12-06 00:00:00,2025-12-06,ЕТО,2025,12,12_2025
17853,17853,100000084392_HD1500-7_EO,100000084392,23.7,0.3,2025-12-07 00:00:00,2025-12-07,ЕТО,2025,12,12_2025
17854,17854,100000084392_HD1500-7_EO,100000084392,23.7,0.3,2025-12-08 00:00:00,2025-12-08,ЕТО,2025,12,12_2025
17855,17855,100000084392_HD1500-7_EO,100000084392,23.7,0.3,2025-12-09 00:00:00,2025-12-09,ЕТО,2025,12,12_2025
17856,17856,100000084392_HD1500-7_EO,100000084392,23.7,0.3,2025-12-10 00:00:00,2025-12-10,ЕТО,2025,12,12_2025
17857,17857,100000084392_HD1500-7_EO,100000084392,23.7,0.3,2025-12-11 00:00:00,2025-12-11,ЕТО,2025,12,12_2025
17858,17858,100000084392_HD1500-7_EO,100000084392,23.7,0.3,2025-12-12 00:00:00,2025-12-12,ЕТО,2025,12,12_2025
17859,17859,100000084392_HD1500-7_EO,100000084392,23.7,0.3,2025-12-13 00:00:00,2025-12-13,ЕТО,2025,12,12_2025
17860,17860,100000084392_HD1500-7_EO,100000084392,23.7,0.3,2025-12-14 00:00:00,2025-12-14,ЕТО,2025,12,12_2025
17861,17861,100000084392_HD1500-7_EO,100000084392,23.7,0.3,2025-12-15 00:00:00,2025-12-15,ЕТО,2025,12,12_2025
17862,17862,100000084392_HD1500-7_EO,100000084392,23.7,0.3,2025-12-16 00:00:00,2025-12-16,ЕТО,2025,12,12_2025
17863,17863,100000084392_HD1500-7_EO,100000084392,23.7,0.3,2025-12-17 00:00:00,2025-12-17,ЕТО,2025,12,12_2025
17864,17864,100000084392_HD1500-7_EO,100000084392,23.7,0.3,2025-12-18 00:00:00,2025-12-18,ЕТО,2025,12,12_2025
17865,17865,100000084392_HD1500-7_EO,100000084392,23.7,0.3,2025-12-19 00:00:00,2025-12-19,ЕТО,2025,12,12_2025
17866,17866,100000084392_HD1500-7_EO,100000084392,23.7,0.3,2025-12-20 00:00:00,2025-12-20,ЕТО,2025,12,12_2025
17867,17867,100000084392_HD1500-7_EO,100000084392,23.7,0.3,2025-12-21 00:00:00,2025-12-21,ЕТО,2025,12,12_2025
17868,17868,100000084392_HD1500-7_EO,100000084392,23.7,0.3,2025-12-22 00:00:00,2025-12-22,ЕТО,2025,12,12_2025
17869,17869,100000084392_HD1500-7_EO,100000084392,23.7,0.3,2025-12-23 00:00:00,2025-12-23,ЕТО,2025,12,12_2025
17870,17870,100000084392_HD1500-7_EO,100000084392,23.7,0.3,2025-12-24 00:00:00,2025-12-24,ЕТО,2025,12,12_2025
17871,17871,100000084392_HD1500-7_EO,100000084392,23.7,0.3,2025-12-25 00:00:00,2025-12-25,ЕТО,2025,12,12_2025
17872,17872,100000084392_HD1500-7_EO,100000084392,23.7,0.3,2025-12-26 00:00:00,2025-12-26,ЕТО,2025,12,12_2025
17873,17873,100000084392_HD1500-7_EO,100000084392,23.7,0.3,2025-12-27 00:00:00,2025-12-27,ЕТО,2025,12,12_2025
17874,17874,100000084392_HD1500-7_EO,100000084392,23.7,0.3,2025-12-28 00:00:00,2025-12-28,ЕТО,2025,12,12_2025
17875,17875,100000084392_HD1500-7_EO,100000084392,23.7,0.3,2025-12-29 00:00:00,2025-12-29,ЕТО,2025,12,12_2025
17876,17876,100000084392_HD1500-7_EO,100000084392,23.7,0.3,2025-12-30 00:00:00,2025-12-30,ЕТО,2025,12,12_2025
17877,17877,100000084392_HD1500-7_EO,100000084392,23.7,0.3,2025-12-31 00:00:00,2025-12-31,ЕТО,2025,12,12_2025
18013,18013,100000084392_HD1500-7_TO1,100000084392,250.0,1.0,2025-12-04 09:00:00,2025-12-04,ТО1-250,2025,12,12_2025
18014,18014,100000084392_HD1500-7_TO1,100000084392,250.0,1.0,2025-12-15 00:00:00,2025-12-15,ТО1-250,2025,12,12_2025
18015,18015,100000084392_HD1500-7_TO1,100000084392,250.0,1.0,2025-12-25 15:00:00,2025-12-25,ТО1-250,2025,12,12_2025
18084,18084,100000084392_HD1500-7_TO-2,100000084392,500.0,9.8,2025-12-16 10:00:00,2025-12-16,ТО2-500,2025,12,12_2025
18119,18119,100000084392_HD1500-7_TO-3,100000084392,1000.0,12.0,2025-12-16 10:00:00,2025-12-16,ТО3-1000,2025,12,12_2025
18137,18137,100000084392_HD1500-7_TO-4,100000084392,2000.0,16.0,2025-12-16 18:30:00,2025-12-16,ТО4-2000,2025,12,12_2025
18196,18196,100000084392_HD1500-7_TR,100000084392,660.0,60.0,2025-12-02 06:00:00,2025-12-02,ТР,2025,12,12_2025
18197,18197,100000084392_HD1500-7_TR,100000084392,660.0,60.0,2025-12-30 08:00:00,2025-12-30,ТР,2025,12,12_2025
18235,18235,100000084392_HD1500-7_LINING_PART,100000084392,2000.0,24.0,2025-12-16 18:30:00,2025-12-16,СВч (частичная футеровка),2025,12,12_2025
19671,19671,100000084393_HD1500-7_EO,100000084393,23.7,0.3,2025-12-01 00:00:00,2025-12-01,ЕТО,2025,12,12_2025
19672,19672,100000084393_HD1500-7_EO,100000084393,23.7,0.3,2025-12-02 00:00:00,2025-12-02,ЕТО,2025,12,12_2025
19673,19673,100000084393_HD1500-7_EO,100000084393,23.7,0.3,2025-12-03 00:00:00,2025-12-03,ЕТО,2025,12,12_2025
19674,19674,100000084393_HD1500-7_EO,100000084393,23.7,0.3,2025-12-04 00:00:00,2025-12-04,ЕТО,2025,12,12_2025
19675,19675,100000084393_HD1500-7_EO,100000084393,23.7,0.3,2025-12-05 00:00:00,2025-12-05,ЕТО,2025,12,12_2025
19676,19676,100000084393_HD1500-7_EO,100000084393,23.7,0.3,2025-12-06 00:00:00,2025-12-06,ЕТО,2025,12,12_2025
19677,19677,100000084393_HD1500-7_EO,100000084393,23.7,0.3,2025-12-07 00:00:00,2025-12-07,ЕТО,2025,12,12_2025
19678,19678,100000084393_HD1500-7_EO,100000084393,23.7,0.3,2025-12-08 00:00:00,2025-12-08,ЕТО,2025,12,12_2025
19679,19679,100000084393_HD1500-7_EO,100000084393,23.7,0.3,2025-12-09 00:00:00,2025-12-09,ЕТО,2025,12,12_2025
19680,19680,100000084393_HD1500-7_EO,100000084393,23.7,0.3,2025-12-10 00:00:00,2025-12-10,ЕТО,2025,12,12_2025
19681,19681,100000084393_HD1500-7_EO,100000084393,23.7,0.3,2025-12-11 00:00:00,2025-12-11,ЕТО,2025,12,12_2025
19682,19682,100000084393_HD1500-7_EO,100000084393,23.7,0.3,2025-12-12 00:00:00,2025-12-12,ЕТО,2025,12,12_2025
19683,19683,100000084393_HD1500-7_EO,100000084393,23.7,0.3,2025-12-13 00:00:00,2025-12-13,ЕТО,2025,12,12_2025
19684,19684,100000084393_HD1500-7_EO,100000084393,23.7,0.3,2025-12-14 00:00:00,2025-12-14,ЕТО,2025,12,12_2025
19685,19685,100000084393_HD1500-7_EO,100000084393,23.7,0.3,2025-12-15 00:00:00,2025-12-15,ЕТО,2025,12,12_2025
19686,19686,100000084393_HD1500-7_EO,100000084393,23.7,0.3,2025-12-16 00:00:00,2025-12-16,ЕТО,2025,12,12_2025
19687,19687,100000084393_HD1500-7_EO,100000084393,23.7,0.3,2025-12-17 00:00:00,2025-12-17,ЕТО,2025,12,12_2025
19688,19688,100000084393_HD1500-7_EO,100000084393,23.7,0.3,2025-12-18 00:00:00,2025-12-18,ЕТО,2025,12,12_2025
19689,19689,100000084393_HD1500-7_EO,100000084393,23.7,0.3,2025-12-19 00:00:00,2025-12-19,ЕТО,2025,12,12_2025
19690,19690,100000084393_HD1500-7_EO,100000084393,23.7,0.3,2025-12-20 00:00:00,2025-12-20,ЕТО,2025,12,12_2025
19691,19691,100000084393_HD1500-7_EO,100000084393,23.7,0.3,2025-12-21 00:00:00,2025-12-21,ЕТО,2025,12,12_2025
19692,19692,100000084393_HD1500-7_EO,100000084393,23.7,0.3,2025-12-22 00:00:00,2025-12-22,ЕТО,2025,12,12_2025
19693,19693,100000084393_HD1500-7_EO,100000084393,23.7,0.3,2025-12-23 00:00:00,2025-12-23,ЕТО,2025,12,12_2025
19694,19694,100000084393_HD1500-7_EO,100000084393,23.7,0.3,2025-12-24 00:00:00,2025-12-24,ЕТО,2025,12,12_2025
19695,19695,100000084393_HD1500-7_EO,100000084393,23.7,0.3,2025-12-25 00:00:00,2025-12-25,ЕТО,2025,12,12_2025
19696,19696,100000084393_HD1500-7_EO,100000084393,23.7,0.3,2025-12-26 00:00:00,2025-12-26,ЕТО,2025,12,12_2025
19697,19697,100000084393_HD1500-7_EO,100000084393,23.7,0.3,2025-12-27 00:00:00,2025-12-27,ЕТО,2025,12,12_2025
19698,19698,100000084393_HD1500-7_EO,100000084393,23.7,0.3,2025-12-28 00:00:00,2025-12-28,ЕТО,2025,12,12_2025
19699,19699,100000084393_HD1500-7_EO,100000084393,23.7,0.3,2025-12-29 00:00:00,2025-12-29,ЕТО,2025,12,12_2025
19700,19700,100000084393_HD1500-7_EO,100000084393,23.7,0.3,2025-12-30 00:00:00,2025-12-30,ЕТО,2025,12,12_2025
19701,19701,100000084393_HD1500-7_EO,100000084393,23.7,0.3,2025-12-31 00:00:00,2025-12-31,ЕТО,2025,12,12_2025
19837,19837,100000084393_HD1500-7_TO1,100000084393,250.0,1.0,2025-12-04 09:00:00,2025-12-04,ТО1-250,2025,12,12_2025
19838,19838,100000084393_HD1500-7_TO1,100000084393,250.0,1.0,2025-12-15 00:00:00,2025-12-15,ТО1-250,2025,12,12_2025
19839,19839,100000084393_HD1500-7_TO1,100000084393,250.0,1.0,2025-12-25 15:00:00,2025-12-25,ТО1-250,2025,12,12_2025
19908,19908,100000084393_HD1500-7_TO-2,100000084393,500.0,9.8,2025-12-16 10:00:00,2025-12-16,ТО2-500,2025,12,12_2025
19943,19943,100000084393_HD1500-7_TO-3,100000084393,1000.0,12.0,2025-12-16 10:00:00,2025-12-16,ТО3-1000,2025,12,12_2025
19961,19961,100000084393_HD1500-7_TO-4,100000084393,2000.0,16.0,2025-12-16 18:30:00,2025-12-16,ТО4-2000,2025,12,12_2025
20020,20020,100000084393_HD1500-7_TR,100000084393,660.0,60.0,2025-12-02 06:00:00,2025-12-02,ТР,2025,12,12_2025
20021,20021,100000084393_HD1500-7_TR,100000084393,660.0,60.0,2025-12-30 08:00:00,2025-12-30,ТР,2025,12,12_2025
20059,20059,100000084393_HD1500-7_LINING_PART,100000084393,2000.0,24.0,2025-12-16 18:30:00,2025-12-16,СВч (частичная футеровка),2025,12,12_2025
21495,21495,100000084394_HD1500-7_EO,100000084394,23.7,0.3,2025-12-01 00:00:00,2025-12-01,ЕТО,2025,12,12_2025
21496,21496,100000084394_HD1500-7_EO,100000084394,23.7,0.3,2025-12-02 00:00:00,2025-12-02,ЕТО,2025,12,12_2025
21497,21497,100000084394_HD1500-7_EO,100000084394,23.7,0.3,2025-12-03 00:00:00,2025-12-03,ЕТО,2025,12,12_2025
21498,21498,100000084394_HD1500-7_EO,100000084394,23.7,0.3,2025-12-04 00:00:00,2025-12-04,ЕТО,2025,12,12_2025
21499,21499,100000084394_HD1500-7_EO,100000084394,23.7,0.3,2025-12-05 00:00:00,2025-12-05,ЕТО,2025,12,12_2025
21500,21500,100000084394_HD1500-7_EO,100000084394,23.7,0.3,2025-12-06 00:00:00,2025-12-06,ЕТО,2025,12,12_2025
21501,21501,100000084394_HD1500-7_EO,100000084394,23.7,0.3,2025-12-07 00:00:00,2025-12-07,ЕТО,2025,12,12_2025
21502,21502,100000084394_HD1500-7_EO,100000084394,23.7,0.3,2025-12-08 00:00:00,2025-12-08,ЕТО,2025,12,12_2025
21503,21503,100000084394_HD1500-7_EO,100000084394,23.7,0.3,2025-12-09 00:00:00,2025-12-09,ЕТО,2025,12,12_2025
21504,21504,100000084394_HD1500-7_EO,100000084394,23.7,0.3,2025-12-10 00:00:00,2025-12-10,ЕТО,2025,12,12_2025
21505,21505,100000084394_HD1500-7_EO,100000084394,23.7,0.3,2025-12-11 00:00:00,2025-12-11,ЕТО,2025,12,12_2025
21506,21506,100000084394_HD1500-7_EO,100000084394,23.7,0.3,2025-12-12 00:00:00,2025-12-12,ЕТО,2025,12,12_2025
21507,21507,100000084394_HD1500-7_EO,100000084394,23.7,0.3,2025-12-13 00:00:00,2025-12-13,ЕТО,2025,12,12_2025
21508,21508,100000084394_HD1500-7_EO,100000084394,23.7,0.3,2025-12-14 00:00:00,2025-12-14,ЕТО,2025,12,12_2025
21509,21509,100000084394_HD1500-7_EO,100000084394,23.7,0.3,2025-12-15 00:00:00,2025-12-15,ЕТО,2025,12,12_2025
21510,21510,100000084394_HD1500-7_EO,100000084394,23.7,0.3,2025-12-16 00:00:00,2025-12-16,ЕТО,2025,12,12_2025
21511,21511,100000084394_HD1500-7_EO,100000084394,23.7,0.3,2025-12-17 00:00:00,2025-12-17,ЕТО,2025,12,12_2025
21512,21512,100000084394_HD1500-7_EO,100000084394,23.7,0.3,2025-12-18 00:00:00,2025-12-18,ЕТО,2025,12,12_2025
21513,21513,100000084394_HD1500-7_EO,100000084394,23.7,0.3,2025-12-19 00:00:00,2025-12-19,ЕТО,2025,12,12_2025
21514,21514,100000084394_HD1500-7_EO,100000084394,23.7,0.3,2025-12-20 00:00:00,2025-12-20,ЕТО,2025,12,12_2025
21515,21515,100000084394_HD1500-7_EO,100000084394,23.7,0.3,2025-12-21 00:00:00,2025-12-21,ЕТО,2025,12,12_2025
21516,21516,100000084394_HD1500-7_EO,100000084394,23.7,0.3,2025-12-22 00:00:00,2025-12-22,ЕТО,2025,12,12_2025
21517,21517,100000084394_HD1500-7_EO,100000084394,23.7,0.3,2025-12-23 00:00:00,2025-12-23,ЕТО,2025,12,12_2025
21518,21518,100000084394_HD1500-7_EO,100000084394,23.7,0.3,2025-12-24 00:00:00,2025-12-24,ЕТО,2025,12,12_2025
21519,21519,100000084394_HD1500-7_EO,100000084394,23.7,0.3,2025-12-25 00:00:00,2025-12-25,ЕТО,2025,12,12_2025
21520,21520,100000084394_HD1500-7_EO,100000084394,23.7,0.3,2025-12-26 00:00:00,2025-12-26,ЕТО,2025,12,12_2025
21521,21521,100000084394_HD1500-7_EO,100000084394,23.7,0.3,2025-12-27 00:00:00,2025-12-27,ЕТО,2025,12,12_2025
21522,21522,100000084394_HD1500-7_EO,100000084394,23.7,0.3,2025-12-28 00:00:00,2025-12-28,ЕТО,2025,12,12_2025
21523,21523,100000084394_HD1500-7_EO,100000084394,23.7,0.3,2025-12-29 00:00:00,2025-12-29,ЕТО,2025,12,12_2025
21524,21524,100000084394_HD1500-7_EO,100000084394,23.7,0.3,2025-12-30 00:00:00,2025-12-30,ЕТО,2025,12,12_2025
21525,21525,100000084394_HD1500-7_EO,100000084394,23.7,0.3,2025-12-31 00:00:00,2025-12-31,ЕТО,2025,12,12_2025
21661,21661,100000084394_HD1500-7_TO1,100000084394,250.0,1.0,2025-12-04 09:00:00,2025-12-04,ТО1-250,2025,12,12_2025
21662,21662,100000084394_HD1500-7_TO1,100000084394,250.0,1.0,2025-12-15 00:00:00,2025-12-15,ТО1-250,2025,12,12_2025
21663,21663,100000084394_HD1500-7_TO1,100000084394,250.0,1.0,2025-12-25 15:00:00,2025-12-25,ТО1-250,2025,12,12_2025
21732,21732,100000084394_HD1500-7_TO-2,100000084394,500.0,9.8,2025-12-16 10:00:00,2025-12-16,ТО2-500,2025,12,12_2025
21767,21767,100000084394_HD1500-7_TO-3,100000084394,1000.0,12.0,2025-12-16 10:00:00,2025-12-16,ТО3-1000,2025,12,12_2025
21785,21785,100000084394_HD1500-7_TO-4,100000084394,2000.0,16.0,2025-12-16 18:30:00,2025-12-16,ТО4-2000,2025,12,12_2025
21844,21844,100000084394_HD1500-7_TR,100000084394,660.0,60.0,2025-12-02 06:00:00,2025-12-02,ТР,2025,12,12_2025
21845,21845,100000084394_HD1500-7_TR,100000084394,660.0,60.0,2025-12-30 08:00:00,2025-12-30,ТР,2025,12,12_2025
21883,21883,100000084394_HD1500-7_LINING_PART,100000084394,2000.0,24.0,2025-12-16 18:30:00,2025-12-16,СВч (частичная футеровка),2025,12,12_2025
23319,23319,100000084395_HD1500-7_EO,100000084395,23.7,0.3,2025-12-01 00:00:00,2025-12-01,ЕТО,2025,12,12_2025
23320,23320,100000084395_HD1500-7_EO,100000084395,23.7,0.3,2025-12-02 00:00:00,2025-12-02,ЕТО,2025,12,12_2025
23321,23321,100000084395_HD1500-7_EO,100000084395,23.7,0.3,2025-12-03 00:00:00,2025-12-03,ЕТО,2025,12,12_2025
23322,23322,100000084395_HD1500-7_EO,100000084395,23.7,0.3,2025-12-04 00:00:00,2025-12-04,ЕТО,2025,12,12_2025
23323,23323,100000084395_HD1500-7_EO,100000084395,23.7,0.3,2025-12-05 00:00:00,2025-12-05,ЕТО,2025,12,12_2025
23324,23324,100000084395_HD1500-7_EO,100000084395,23.7,0.3,2025-12-06 00:00:00,2025-12-06,ЕТО,2025,12,12_2025
23325,23325,100000084395_HD1500-7_EO,100000084395,23.7,0.3,2025-12-07 00:00:00,2025-12-07,ЕТО,2025,12,12_2025
23326,23326,100000084395_HD1500-7_EO,100000084395,23.7,0.3,2025-12-08 00:00:00,2025-12-08,ЕТО,2025,12,12_2025
23327,23327,100000084395_HD1500-7_EO,100000084395,23.7,0.3,2025-12-09 00:00:00,2025-12-09,ЕТО,2025,12,12_2025
23328,23328,100000084395_HD1500-7_EO,100000084395,23.7,0.3,2025-12-10 00:00:00,2025-12-10,ЕТО,2025,12,12_2025
23329,23329,100000084395_HD1500-7_EO,100000084395,23.7,0.3,2025-12-11 00:00:00,2025-12-11,ЕТО,2025,12,12_2025
23330,23330,100000084395_HD1500-7_EO,100000084395,23.7,0.3,2025-12-12 00:00:00,2025-12-12,ЕТО,2025,12,12_2025
23331,23331,100000084395_HD1500-7_EO,100000084395,23.7,0.3,2025-12-13 00:00:00,2025-12-13,ЕТО,2025,12,12_2025
23332,23332,100000084395_HD1500-7_EO,100000084395,23.7,0.3,2025-12-14 00:00:00,2025-12-14,ЕТО,2025,12,12_2025
23333,23333,100000084395_HD1500-7_EO,100000084395,23.7,0.3,2025-12-15 00:00:00,2025-12-15,ЕТО,2025,12,12_2025
23334,23334,100000084395_HD1500-7_EO,100000084395,23.7,0.3,2025-12-16 00:00:00,2025-12-16,ЕТО,2025,12,12_2025
23335,23335,100000084395_HD1500-7_EO,100000084395,23.7,0.3,2025-12-17 00:00:00,2025-12-17,ЕТО,2025,12,12_2025
23336,23336,100000084395_HD1500-7_EO,100000084395,23.7,0.3,2025-12-18 00:00:00,2025-12-18,ЕТО,2025,12,12_2025
23337,23337,100000084395_HD1500-7_EO,100000084395,23.7,0.3,2025-12-19 00:00:00,2025-12-19,ЕТО,2025,12,12_2025
23338,23338,100000084395_HD1500-7_EO,100000084395,23.7,0.3,2025-12-20 00:00:00,2025-12-20,ЕТО,2025,12,12_2025
23339,23339,100000084395_HD1500-7_EO,100000084395,23.7,0.3,2025-12-21 00:00:00,2025-12-21,ЕТО,2025,12,12_2025
23340,23340,100000084395_HD1500-7_EO,100000084395,23.7,0.3,2025-12-22 00:00:00,2025-12-22,ЕТО,2025,12,12_2025
23341,23341,100000084395_HD1500-7_EO,100000084395,23.7,0.3,2025-12-23 00:00:00,2025-12-23,ЕТО,2025,12,12_2025
23342,23342,100000084395_HD1500-7_EO,100000084395,23.7,0.3,2025-12-24 00:00:00,2025-12-24,ЕТО,2025,12,12_2025
23343,23343,100000084395_HD1500-7_EO,100000084395,23.7,0.3,2025-12-25 00:00:00,2025-12-25,ЕТО,2025,12,12_2025
23344,23344,100000084395_HD1500-7_EO,100000084395,23.7,0.3,2025-12-26 00:00:00,2025-12-26,ЕТО,2025,12,12_2025
23345,23345,100000084395_HD1500-7_EO,100000084395,23.7,0.3,2025-12-27 00:00:00,2025-12-27,ЕТО,2025,12,12_2025
23346,23346,100000084395_HD1500-7_EO,100000084395,23.7,0.3,2025-12-28 00:00:00,2025-12-28,ЕТО,2025,12,12_2025
23347,23347,100000084395_HD1500-7_EO,100000084395,23.7,0.3,2025-12-29 00:00:00,2025-12-29,ЕТО,2025,12,12_2025
23348,23348,100000084395_HD1500-7_EO,100000084395,23.7,0.3,2025-12-30 00:00:00,2025-12-30,ЕТО,2025,12,12_2025
23349,23349,100000084395_HD1500-7_EO,100000084395,23.7,0.3,2025-12-31 00:00:00,2025-12-31,ЕТО,2025,12,12_2025
23485,23485,100000084395_HD1500-7_TO1,100000084395,250.0,1.0,2025-12-04 09:00:00,2025-12-04,ТО1-250,2025,12,12_2025
23486,23486,100000084395_HD1500-7_TO1,100000084395,250.0,1.0,2025-12-15 00:00:00,2025-12-15,ТО1-250,2025,12,12_2025
23487,23487,100000084395_HD1500-7_TO1,100000084395,250.0,1.0,2025-12-25 15:00:00,2025-12-25,ТО1-250,2025,12,12_2025
23556,23556,100000084395_HD1500-7_TO-2,100000084395,500.0,9.8,2025-12-16 10:00:00,2025-12-16,ТО2-500,2025,12,12_2025
23591,23591,100000084395_HD1500-7_TO-3,100000084395,1000.0,12.0,2025-12-16 10:00:00,2025-12-16,ТО3-1000,2025,12,12_2025
23609,23609,100000084395_HD1500-7_TO-4,100000084395,2000.0,16.0,2025-12-16 18:30:00,2025-12-16,ТО4-2000,2025,12,12_2025
23668,23668,100000084395_HD1500-7_TR,100000084395,660.0,60.0,2025-12-02 06:00:00,2025-12-02,ТР,2025,12,12_2025
23669,23669,100000084395_HD1500-7_TR,100000084395,660.0,60.0,2025-12-30 08:00:00,2025-12-30,ТР,2025,12,12_2025
23707,23707,100000084395_HD1500-7_LINING_PART,100000084395,2000.0,24.0,2025-12-16 18:30:00,2025-12-16,СВч (частичная футеровка),2025,12,12_2025
25143,25143,100000093091_HD1500-7_EO,100000093091,23.7,0.3,2025-12-01 00:00:00,2025-12-01,ЕТО,2025,12,12_2025
25144,25144,100000093091_HD1500-7_EO,100000093091,23.7,0.3,2025-12-02 00:00:00,2025-12-02,ЕТО,2025,12,12_2025
25145,25145,100000093091_HD1500-7_EO,100000093091,23.7,0.3,2025-12-03 00:00:00,2025-12-03,ЕТО,2025,12,12_2025
25146,25146,100000093091_HD1500-7_EO,100000093091,23.7,0.3,2025-12-04 00:00:00,2025-12-04,ЕТО,2025,12,12_2025
25147,25147,100000093091_HD1500-7_EO,100000093091,23.7,0.3,2025-12-05 00:00:00,2025-12-05,ЕТО,2025,12,12_2025
25148,25148,100000093091_HD1500-7_EO,100000093091,23.7,0.3,2025-12-06 00:00:00,2025-12-06,ЕТО,2025,12,12_2025
25149,25149,100000093091_HD1500-7_EO,100000093091,23.7,0.3,2025-12-07 00:00:00,2025-12-07,ЕТО,2025,12,12_2025
25150,25150,100000093091_HD1500-7_EO,100000093091,23.7,0.3,2025-12-08 00:00:00,2025-12-08,ЕТО,2025,12,12_2025
25151,25151,100000093091_HD1500-7_EO,100000093091,23.7,0.3,2025-12-09 00:00:00,2025-12-09,ЕТО,2025,12,12_2025
25152,25152,100000093091_HD1500-7_EO,100000093091,23.7,0.3,2025-12-10 00:00:00,2025-12-10,ЕТО,2025,12,12_2025
25153,25153,100000093091_HD1500-7_EO,100000093091,23.7,0.3,2025-12-11 00:00:00,2025-12-11,ЕТО,2025,12,12_2025
25154,25154,100000093091_HD1500-7_EO,100000093091,23.7,0.3,2025-12-12 00:00:00,2025-12-12,ЕТО,2025,12,12_2025
25155,25155,100000093091_HD1500-7_EO,100000093091,23.7,0.3,2025-12-13 00:00:00,2025-12-13,ЕТО,2025,12,12_2025
25156,25156,100000093091_HD1500-7_EO,100000093091,23.7,0.3,2025-12-14 00:00:00,2025-12-14,ЕТО,2025,12,12_2025
25157,25157,100000093091_HD1500-7_EO,100000093091,23.7,0.3,2025-12-15 00:00:00,2025-12-15,ЕТО,2025,12,12_2025
25158,25158,100000093091_HD1500-7_EO,100000093091,23.7,0.3,2025-12-16 00:00:00,2025-12-16,ЕТО,2025,12,12_2025
25159,25159,100000093091_HD1500-7_EO,100000093091,23.7,0.3,2025-12-17 00:00:00,2025-12-17,ЕТО,2025,12,12_2025
25160,25160,100000093091_HD1500-7_EO,100000093091,23.7,0.3,2025-12-18 00:00:00,2025-12-18,ЕТО,2025,12,12_2025
25161,25161,100000093091_HD1500-7_EO,100000093091,23.7,0.3,2025-12-19 00:00:00,2025-12-19,ЕТО,2025,12,12_2025
25162,25162,100000093091_HD1500-7_EO,100000093091,23.7,0.3,2025-12-20 00:00:00,2025-12-20,ЕТО,2025,12,12_2025
25163,25163,100000093091_HD1500-7_EO,100000093091,23.7,0.3,2025-12-21 00:00:00,2025-12-21,ЕТО,2025,12,12_2025
25164,25164,100000093091_HD1500-7_EO,100000093091,23.7,0.3,2025-12-22 00:00:00,2025-12-22,ЕТО,2025,12,12_2025
25165,25165,100000093091_HD1500-7_EO,100000093091,23.7,0.3,2025-12-23 00:00:00,2025-12-23,ЕТО,2025,12,12_2025
25166,25166,100000093091_HD1500-7_EO,100000093091,23.7,0.3,2025-12-24 00:00:00,2025-12-24,ЕТО,2025,12,12_2025
25167,25167,100000093091_HD1500-7_EO,100000093091,23.7,0.3,2025-12-25 00:00:00,2025-12-25,ЕТО,2025,12,12_2025
25168,25168,100000093091_HD1500-7_EO,100000093091,23.7,0.3,2025-12-26 00:00:00,2025-12-26,ЕТО,2025,12,12_2025
25169,25169,100000093091_HD1500-7_EO,100000093091,23.7,0.3,2025-12-27 00:00:00,2025-12-27,ЕТО,2025,12,12_2025
25170,25170,100000093091_HD1500-7_EO,100000093091,23.7,0.3,2025-12-28 00:00:00,2025-12-28,ЕТО,2025,12,12_2025
25171,25171,100000093091_HD1500-7_EO,100000093091,23.7,0.3,2025-12-29 00:00:00,2025-12-29,ЕТО,2025,12,12_2025
25172,25172,100000093091_HD1500-7_EO,100000093091,23.7,0.3,2025-12-30 00:00:00,2025-12-30,ЕТО,2025,12,12_2025
25173,25173,100000093091_HD1500-7_EO,100000093091,23.7,0.3,2025-12-31 00:00:00,2025-12-31,ЕТО,2025,12,12_2025
25309,25309,100000093091_HD1500-7_TO1,100000093091,250.0,1.0,2025-12-04 09:00:00,2025-12-04,ТО1-250,2025,12,12_2025
25310,25310,100000093091_HD1500-7_TO1,100000093091,250.0,1.0,2025-12-15 00:00:00,2025-12-15,ТО1-250,2025,12,12_2025
25311,25311,100000093091_HD1500-7_TO1,100000093091,250.0,1.0,2025-12-25 15:00:00,2025-12-25,ТО1-250,2025,12,12_2025
25380,25380,100000093091_HD1500-7_TO-2,100000093091,500.0,9.8,2025-12-16 10:00:00,2025-12-16,ТО2-500,2025,12,12_2025
25415,25415,100000093091_HD1500-7_TO-3,100000093091,1000.0,12.0,2025-12-16 10:00:00,2025-12-16,ТО3-1000,2025,12,12_2025
25433,25433,100000093091_HD1500-7_TO-4,100000093091,2000.0,16.0,2025-12-16 18:30:00,2025-12-16,ТО4-2000,2025,12,12_2025
25492,25492,100000093091_HD1500-7_TR,100000093091,660.0,60.0,2025-12-02 06:00:00,2025-12-02,ТР,2025,12,12_2025
25493,25493,100000093091_HD1500-7_TR,100000093091,660.0,60.0,2025-12-30 08:00:00,2025-12-30,ТР,2025,12,12_2025
25531,25531,100000093091_HD1500-7_LINING_PART,100000093091,2000.0,24.0,2025-12-16 18:30:00,2025-12-16,СВч (частичная футеровка),2025,12,12_2025
26967,26967,100000093090_HD1500-7_EO,100000093090,23.7,0.3,2025-12-01 00:00:00,2025-12-01,ЕТО,2025,12,12_2025
26968,26968,100000093090_HD1500-7_EO,100000093090,23.7,0.3,2025-12-02 00:00:00,2025-12-02,ЕТО,2025,12,12_2025
26969,26969,100000093090_HD1500-7_EO,100000093090,23.7,0.3,2025-12-03 00:00:00,2025-12-03,ЕТО,2025,12,12_2025
26970,26970,100000093090_HD1500-7_EO,100000093090,23.7,0.3,2025-12-04 00:00:00,2025-12-04,ЕТО,2025,12,12_2025
26971,26971,100000093090_HD1500-7_EO,100000093090,23.7,0.3,2025-12-05 00:00:00,2025-12-05,ЕТО,2025,12,12_2025
26972,26972,100000093090_HD1500-7_EO,100000093090,23.7,0.3,2025-12-06 00:00:00,2025-12-06,ЕТО,2025,12,12_2025
26973,26973,100000093090_HD1500-7_EO,100000093090,23.7,0.3,2025-12-07 00:00:00,2025-12-07,ЕТО,2025,12,12_2025
26974,26974,100000093090_HD1500-7_EO,100000093090,23.7,0.3,2025-12-08 00:00:00,2025-12-08,ЕТО,2025,12,12_2025
26975,26975,100000093090_HD1500-7_EO,100000093090,23.7,0.3,2025-12-09 00:00:00,2025-12-09,ЕТО,2025,12,12_2025
26976,26976,100000093090_HD1500-7_EO,100000093090,23.7,0.3,2025-12-10 00:00:00,2025-12-10,ЕТО,2025,12,12_2025
26977,26977,100000093090_HD1500-7_EO,100000093090,23.7,0.3,2025-12-11 00:00:00,2025-12-11,ЕТО,2025,12,12_2025
26978,26978,100000093090_HD1500-7_EO,100000093090,23.7,0.3,2025-12-12 00:00:00,2025-12-12,ЕТО,2025,12,12_2025
26979,26979,100000093090_HD1500-7_EO,100000093090,23.7,0.3,2025-12-13 00:00:00,2025-12-13,ЕТО,2025,12,12_2025
26980,26980,100000093090_HD1500-7_EO,100000093090,23.7,0.3,2025-12-14 00:00:00,2025-12-14,ЕТО,2025,12,12_2025
26981,26981,100000093090_HD1500-7_EO,100000093090,23.7,0.3,2025-12-15 00:00:00,2025-12-15,ЕТО,2025,12,12_2025
26982,26982,100000093090_HD1500-7_EO,100000093090,23.7,0.3,2025-12-16 00:00:00,2025-12-16,ЕТО,2025,12,12_2025
26983,26983,100000093090_HD1500-7_EO,100000093090,23.7,0.3,2025-12-17 00:00:00,2025-12-17,ЕТО,2025,12,12_2025
26984,26984,100000093090_HD1500-7_EO,100000093090,23.7,0.3,2025-12-18 00:00:00,2025-12-18,ЕТО,2025,12,12_2025
26985,26985,100000093090_HD1500-7_EO,100000093090,23.7,0.3,2025-12-19 00:00:00,2025-12-19,ЕТО,2025,12,12_2025
26986,26986,100000093090_HD1500-7_EO,100000093090,23.7,0.3,2025-12-20 00:00:00,2025-12-20,ЕТО,2025,12,12_2025
26987,26987,100000093090_HD1500-7_EO,100000093090,23.7,0.3,2025-12-21 00:00:00,2025-12-21,ЕТО,2025,12,12_2025
26988,26988,100000093090_HD1500-7_EO,100000093090,23.7,0.3,2025-12-22 00:00:00,2025-12-22,ЕТО,2025,12,12_2025
26989,26989,100000093090_HD1500-7_EO,100000093090,23.7,0.3,2025-12-23 00:00:00,2025-12-23,ЕТО,2025,12,12_2025
26990,26990,100000093090_HD1500-7_EO,100000093090,23.7,0.3,2025-12-24 00:00:00,2025-12-24,ЕТО,2025,12,12_2025
26991,26991,100000093090_HD1500-7_EO,100000093090,23.7,0.3,2025-12-25 00:00:00,2025-12-25,ЕТО,2025,12,12_2025
26992,26992,100000093090_HD1500-7_EO,100000093090,23.7,0.3,2025-12-26 00:00:00,2025-12-26,ЕТО,2025,12,12_2025
26993,26993,100000093090_HD1500-7_EO,100000093090,23.7,0.3,2025-12-27 00:00:00,2025-12-27,ЕТО,2025,12,12_2025
26994,26994,100000093090_HD1500-7_EO,100000093090,23.7,0.3,2025-12-28 00:00:00,2025-12-28,ЕТО,2025,12,12_2025
26995,26995,100000093090_HD1500-7_EO,100000093090,23.7,0.3,2025-12-29 00:00:00,2025-12-29,ЕТО,2025,12,12_2025
26996,26996,100000093090_HD1500-7_EO,100000093090,23.7,0.3,2025-12-30 00:00:00,2025-12-30,ЕТО,2025,12,12_2025
26997,26997,100000093090_HD1500-7_EO,100000093090,23.7,0.3,2025-12-31 00:00:00,2025-12-31,ЕТО,2025,12,12_2025
27133,27133,100000093090_HD1500-7_TO1,100000093090,250.0,1.0,2025-12-04 09:00:00,2025-12-04,ТО1-250,2025,12,12_2025
27134,27134,100000093090_HD1500-7_TO1,100000093090,250.0,1.0,2025-12-15 00:00:00,2025-12-15,ТО1-250,2025,12,12_2025
27135,27135,100000093090_HD1500-7_TO1,100000093090,250.0,1.0,2025-12-25 15:00:00,2025-12-25,ТО1-250,2025,12,12_2025
27204,27204,100000093090_HD1500-7_TO-2,100000093090,500.0,9.8,2025-12-16 10:00:00,2025-12-16,ТО2-500,2025,12,12_2025
27239,27239,100000093090_HD1500-7_TO-3,100000093090,1000.0,12.0,2025-12-16 10:00:00,2025-12-16,ТО3-1000,2025,12,12_2025
27257,27257,100000093090_HD1500-7_TO-4,100000093090,2000.0,16.0,2025-12-16 18:30:00,2025-12-16,ТО4-2000,2025,12,12_2025
27316,27316,100000093090_HD1500-7_TR,100000093090,660.0,60.0,2025-12-02 06:00:00,2025-12-02,ТР,2025,12,12_2025
27317,27317,100000093090_HD1500-7_TR,100000093090,660.0,60.0,2025-12-30 08:00:00,2025-12-30,ТР,2025,12,12_2025
27355,27355,100000093090_HD1500-7_LINING_PART,100000093090,2000.0,24.0,2025-12-16 18:30:00,2025-12-16,СВч (частичная футеровка),2025,12,12_2025
28791,28791,100000093055_HD1500-7_EO,100000093055,23.7,0.3,2025-12-01 00:00:00,2025-12-01,ЕТО,2025,12,12_2025
28792,28792,100000093055_HD1500-7_EO,100000093055,23.7,0.3,2025-12-02 00:00:00,2025-12-02,ЕТО,2025,12,12_2025
28793,28793,100000093055_HD1500-7_EO,100000093055,23.7,0.3,2025-12-03 00:00:00,2025-12-03,ЕТО,2025,12,12_2025
28794,28794,100000093055_HD1500-7_EO,100000093055,23.7,0.3,2025-12-04 00:00:00,2025-12-04,ЕТО,2025,12,12_2025
28795,28795,100000093055_HD1500-7_EO,100000093055,23.7,0.3,2025-12-05 00:00:00,2025-12-05,ЕТО,2025,12,12_2025
28796,28796,100000093055_HD1500-7_EO,100000093055,23.7,0.3,2025-12-06 00:00:00,2025-12-06,ЕТО,2025,12,12_2025
28797,28797,100000093055_HD1500-7_EO,100000093055,23.7,0.3,2025-12-07 00:00:00,2025-12-07,ЕТО,2025,12,12_2025
28798,28798,100000093055_HD1500-7_EO,100000093055,23.7,0.3,2025-12-08 00:00:00,2025-12-08,ЕТО,2025,12,12_2025
28799,28799,100000093055_HD1500-7_EO,100000093055,23.7,0.3,2025-12-09 00:00:00,2025-12-09,ЕТО,2025,12,12_2025
28800,28800,100000093055_HD1500-7_EO,100000093055,23.7,0.3,2025-12-10 00:00:00,2025-12-10,ЕТО,2025,12,12_2025
28801,28801,100000093055_HD1500-7_EO,100000093055,23.7,0.3,2025-12-11 00:00:00,2025-12-11,ЕТО,2025,12,12_2025
28802,28802,100000093055_HD1500-7_EO,100000093055,23.7,0.3,2025-12-12 00:00:00,2025-12-12,ЕТО,2025,12,12_2025
28803,28803,100000093055_HD1500-7_EO,100000093055,23.7,0.3,2025-12-13 00:00:00,2025-12-13,ЕТО,2025,12,12_2025
28804,28804,100000093055_HD1500-7_EO,100000093055,23.7,0.3,2025-12-14 00:00:00,2025-12-14,ЕТО,2025,12,12_2025
28805,28805,100000093055_HD1500-7_EO,100000093055,23.7,0.3,2025-12-15 00:00:00,2025-12-15,ЕТО,2025,12,12_2025
28806,28806,100000093055_HD1500-7_EO,100000093055,23.7,0.3,2025-12-16 00:00:00,2025-12-16,ЕТО,2025,12,12_2025
28807,28807,100000093055_HD1500-7_EO,100000093055,23.7,0.3,2025-12-17 00:00:00,2025-12-17,ЕТО,2025,12,12_2025
28808,28808,100000093055_HD1500-7_EO,100000093055,23.7,0.3,2025-12-18 00:00:00,2025-12-18,ЕТО,2025,12,12_2025
28809,28809,100000093055_HD1500-7_EO,100000093055,23.7,0.3,2025-12-19 00:00:00,2025-12-19,ЕТО,2025,12,12_2025
28810,28810,100000093055_HD1500-7_EO,100000093055,23.7,0.3,2025-12-20 00:00:00,2025-12-20,ЕТО,2025,12,12_2025
28811,28811,100000093055_HD1500-7_EO,100000093055,23.7,0.3,2025-12-21 00:00:00,2025-12-21,ЕТО,2025,12,12_2025
28812,28812,100000093055_HD1500-7_EO,100000093055,23.7,0.3,2025-12-22 00:00:00,2025-12-22,ЕТО,2025,12,12_2025
28813,28813,100000093055_HD1500-7_EO,100000093055,23.7,0.3,2025-12-23 00:00:00,2025-12-23,ЕТО,2025,12,12_2025
28814,28814,100000093055_HD1500-7_EO,100000093055,23.7,0.3,2025-12-24 00:00:00,2025-12-24,ЕТО,2025,12,12_2025
28815,28815,100000093055_HD1500-7_EO,100000093055,23.7,0.3,2025-12-25 00:00:00,2025-12-25,ЕТО,2025,12,12_2025
28816,28816,100000093055_HD1500-7_EO,100000093055,23.7,0.3,2025-12-26 00:00:00,2025-12-26,ЕТО,2025,12,12_2025
28817,28817,100000093055_HD1500-7_EO,100000093055,23.7,0.3,2025-12-27 00:00:00,2025-12-27,ЕТО,2025,12,12_2025
28818,28818,100000093055_HD1500-7_EO,100000093055,23.7,0.3,2025-12-28 00:00:00,2025-12-28,ЕТО,2025,12,12_2025
28819,28819,100000093055_HD1500-7_EO,100000093055,23.7,0.3,2025-12-29 00:00:00,2025-12-29,ЕТО,2025,12,12_2025
28820,28820,100000093055_HD1500-7_EO,100000093055,23.7,0.3,2025-12-30 00:00:00,2025-12-30,ЕТО,2025,12,12_2025
28821,28821,100000093055_HD1500-7_EO,100000093055,23.7,0.3,2025-12-31 00:00:00,2025-12-31,ЕТО,2025,12,12_2025
28957,28957,100000093055_HD1500-7_TO1,100000093055,250.0,1.0,2025-12-04 09:00:00,2025-12-04,ТО1-250,2025,12,12_2025
28958,28958,100000093055_HD1500-7_TO1,100000093055,250.0,1.0,2025-12-15 00:00:00,2025-12-15,ТО1-250,2025,12,12_2025
28959,28959,100000093055_HD1500-7_TO1,100000093055,250.0,1.0,2025-12-25 15:00:00,2025-12-25,ТО1-250,2025,12,12_2025
29028,29028,100000093055_HD1500-7_TO-2,100000093055,500.0,9.8,2025-12-16 10:00:00,2025-12-16,ТО2-500,2025,12,12_2025
29063,29063,100000093055_HD1500-7_TO-3,100000093055,1000.0,12.0,2025-12-16 10:00:00,2025-12-16,ТО3-1000,2025,12,12_2025
29081,29081,100000093055_HD1500-7_TO-4,100000093055,2000.0,16.0,2025-12-16 18:30:00,2025-12-16,ТО4-2000,2025,12,12_2025
29140,29140,100000093055_HD1500-7_TR,100000093055,660.0,60.0,2025-12-02 06:00:00,2025-12-02,ТР,2025,12,12_2025
29141,29141,100000093055_HD1500-7_TR,100000093055,660.0,60.0,2025-12-30 08:00:00,2025-12-30,ТР,2025,12,12_2025
29179,29179,100000093055_HD1500-7_LINING_PART,100000093055,2000.0,24.0,2025-12-16 18:30:00,2025-12-16,СВч (частичная футеровка),2025,12,12_2025
