,eo_code,datetime,calendar_fond
0,100000028868,2023-01-01,24
1,100000028868,2023-01-02,24
2,100000028868,2023-01-03,24
3,100000028868,2023-01-04,24
4,100000028868,2023-01-05,24
5,100000028868,2023-01-06,24
6,100000028868,2023-01-07,24
7,100000028868,2023-01-08,24
8,100000028868,2023-01-09,24
9,100000028868,2023-01-10,24
10,100000028868,2023-01-11,24
11,100000028868,2023-01-12,24
12,100000028868,2023-01-13,24
13,100000028868,2023-01-14,24
14,100000028868,2023-01-15,24
15,100000028868,2023-01-16,24
16,100000028868,2023-01-17,24
17,100000028868,2023-01-18,24
18,100000028868,2023-01-19,24
19,100000028868,2023-01-20,24
20,100000028868,2023-01-21,24
21,100000028868,2023-01-22,24
22,100000028868,2023-01-23,24
23,100000028868,2023-01-24,24
24,100000028868,2023-01-25,24
25,100000028868,2023-01-26,24
26,100000028868,2023-01-27,24
27,100000028868,2023-01-28,24
28,100000028868,2023-01-29,24
29,100000028868,2023-01-30,24
30,100000028868,2023-01-31,24
31,100000028868,2023-02-01,24
32,100000028868,2023-02-02,24
33,100000028868,2023-02-03,24
34,100000028868,2023-02-04,24
35,100000028868,2023-02-05,24
36,100000028868,2023-02-06,24
37,100000028868,2023-02-07,24
38,100000028868,2023-02-08,24
39,100000028868,2023-02-09,24
40,100000028868,2023-02-10,24
41,100000028868,2023-02-11,24
42,100000028868,2023-02-12,24
43,100000028868,2023-02-13,24
44,100000028868,2023-02-14,24
45,100000028868,2023-02-15,24
46,100000028868,2023-02-16,24
47,100000028868,2023-02-17,24
48,100000028868,2023-02-18,24
49,100000028868,2023-02-19,24
50,100000028868,2023-02-20,24
51,100000028868,2023-02-21,24
52,100000028868,2023-02-22,24
53,100000028868,2023-02-23,24
54,100000028868,2023-02-24,24
55,100000028868,2023-02-25,24
56,100000028868,2023-02-26,24
57,100000028868,2023-02-27,24
58,100000028868,2023-02-28,24
59,100000028868,2023-03-01,24
60,100000028868,2023-03-02,24
61,100000028868,2023-03-03,24
62,100000028868,2023-03-04,24
63,100000028868,2023-03-05,24
64,100000028868,2023-03-06,24
65,100000028868,2023-03-07,24
66,100000028868,2023-03-08,24
67,100000028868,2023-03-09,24
68,100000028868,2023-03-10,24
69,100000028868,2023-03-11,24
70,100000028868,2023-03-12,24
71,100000028868,2023-03-13,24
72,100000028868,2023-03-14,24
73,100000028868,2023-03-15,24
74,100000028868,2023-03-16,24
75,100000028868,2023-03-17,24
76,100000028868,2023-03-18,24
77,100000028868,2023-03-19,24
78,100000028868,2023-03-20,24
79,100000028868,2023-03-21,24
80,100000028868,2023-03-22,24
81,100000028868,2023-03-23,24
82,100000028868,2023-03-24,24
83,100000028868,2023-03-25,24
84,100000028868,2023-03-26,24
85,100000028868,2023-03-27,24
86,100000028868,2023-03-28,24
87,100000028868,2023-03-29,24
88,100000028868,2023-03-30,24
89,100000028868,2023-03-31,24
90,100000028868,2023-04-01,24
91,100000028868,2023-04-02,24
92,100000028868,2023-04-03,24
93,100000028868,2023-04-04,24
94,100000028868,2023-04-05,24
95,100000028868,2023-04-06,24
96,100000028868,2023-04-07,24
97,100000028868,2023-04-08,24
98,100000028868,2023-04-09,24
99,100000028868,2023-04-10,24
100,100000028868,2023-04-11,24
101,100000028868,2023-04-12,24
102,100000028868,2023-04-13,24
103,100000028868,2023-04-14,24
104,100000028868,2023-04-15,24
105,100000028868,2023-04-16,24
106,100000028868,2023-04-17,24
107,100000028868,2023-04-18,24
108,100000028868,2023-04-19,24
109,100000028868,2023-04-20,24
110,100000028868,2023-04-21,24
111,100000028868,2023-04-22,24
112,100000028868,2023-04-23,24
113,100000028868,2023-04-24,24
114,100000028868,2023-04-25,24
115,100000028868,2023-04-26,24
116,100000028868,2023-04-27,24
117,100000028868,2023-04-28,24
118,100000028868,2023-04-29,24
119,100000028868,2023-04-30,24
120,100000028868,2023-05-01,24
121,100000028868,2023-05-02,24
122,100000028868,2023-05-03,24
123,100000028868,2023-05-04,24
124,100000028868,2023-05-05,24
125,100000028868,2023-05-06,24
126,100000028868,2023-05-07,24
127,100000028868,2023-05-08,24
128,100000028868,2023-05-09,24
129,100000028868,2023-05-10,24
130,100000028868,2023-05-11,24
131,100000028868,2023-05-12,24
132,100000028868,2023-05-13,24
133,100000028868,2023-05-14,24
134,100000028868,2023-05-15,24
135,100000028868,2023-05-16,24
136,100000028868,2023-05-17,24
137,100000028868,2023-05-18,24
138,100000028868,2023-05-19,24
139,100000028868,2023-05-20,24
140,100000028868,2023-05-21,24
141,100000028868,2023-05-22,24
142,100000028868,2023-05-23,24
143,100000028868,2023-05-24,24
144,100000028868,2023-05-25,24
145,100000028868,2023-05-26,24
146,100000028868,2023-05-27,24
147,100000028868,2023-05-28,24
148,100000028868,2023-05-29,24
149,100000028868,2023-05-30,24
150,100000028868,2023-05-31,24
151,100000028868,2023-06-01,24
152,100000028868,2023-06-02,24
153,100000028868,2023-06-03,24
154,100000028868,2023-06-04,24
155,100000028868,2023-06-05,24
156,100000028868,2023-06-06,24
157,100000028868,2023-06-07,24
158,100000028868,2023-06-08,24
159,100000028868,2023-06-09,24
160,100000028868,2023-06-10,24
161,100000028868,2023-06-11,24
162,100000028868,2023-06-12,24
163,100000028868,2023-06-13,24
164,100000028868,2023-06-14,24
165,100000028868,2023-06-15,24
166,100000028868,2023-06-16,24
167,100000028868,2023-06-17,24
168,100000028868,2023-06-18,24
169,100000028868,2023-06-19,24
170,100000028868,2023-06-20,24
171,100000028868,2023-06-21,24
172,100000028868,2023-06-22,24
173,100000028868,2023-06-23,24
174,100000028868,2023-06-24,24
175,100000028868,2023-06-25,24
176,100000028868,2023-06-26,24
177,100000028868,2023-06-27,24
178,100000028868,2023-06-28,24
179,100000028868,2023-06-29,24
180,100000028868,2023-06-30,24
181,100000028868,2023-07-01,24
182,100000028868,2023-07-02,24
183,100000028868,2023-07-03,24
184,100000028868,2023-07-04,24
185,100000028868,2023-07-05,24
186,100000028868,2023-07-06,24
187,100000028868,2023-07-07,24
188,100000028868,2023-07-08,24
189,100000028868,2023-07-09,24
190,100000028868,2023-07-10,24
191,100000028868,2023-07-11,24
192,100000028868,2023-07-12,24
193,100000028868,2023-07-13,24
194,100000028868,2023-07-14,24
195,100000028868,2023-07-15,24
196,100000028868,2023-07-16,24
197,100000028868,2023-07-17,24
198,100000028868,2023-07-18,24
199,100000028868,2023-07-19,24
200,100000028868,2023-07-20,24
201,100000028868,2023-07-21,24
202,100000028868,2023-07-22,24
203,100000028868,2023-07-23,24
204,100000028868,2023-07-24,24
205,100000028868,2023-07-25,24
206,100000028868,2023-07-26,24
207,100000028868,2023-07-27,24
208,100000028868,2023-07-28,24
209,100000028868,2023-07-29,24
210,100000028868,2023-07-30,24
211,100000028868,2023-07-31,24
212,100000028868,2023-08-01,24
213,100000028868,2023-08-02,24
214,100000028868,2023-08-03,24
215,100000028868,2023-08-04,24
216,100000028868,2023-08-05,24
217,100000028868,2023-08-06,24
218,100000028868,2023-08-07,24
219,100000028868,2023-08-08,24
220,100000028868,2023-08-09,24
221,100000028868,2023-08-10,24
222,100000028868,2023-08-11,24
223,100000028868,2023-08-12,24
224,100000028868,2023-08-13,24
225,100000028868,2023-08-14,24
226,100000028868,2023-08-15,24
227,100000028868,2023-08-16,24
228,100000028868,2023-08-17,24
229,100000028868,2023-08-18,24
230,100000028868,2023-08-19,24
231,100000028868,2023-08-20,24
232,100000028868,2023-08-21,24
233,100000028868,2023-08-22,24
234,100000028868,2023-08-23,24
235,100000028868,2023-08-24,24
236,100000028868,2023-08-25,24
237,100000028868,2023-08-26,24
238,100000028868,2023-08-27,24
239,100000028868,2023-08-28,24
240,100000028868,2023-08-29,24
241,100000028868,2023-08-30,24
242,100000028868,2023-08-31,24
243,100000028868,2023-09-01,24
244,100000028868,2023-09-02,24
245,100000028868,2023-09-03,24
246,100000028868,2023-09-04,24
247,100000028868,2023-09-05,24
248,100000028868,2023-09-06,24
249,100000028868,2023-09-07,24
250,100000028868,2023-09-08,24
251,100000028868,2023-09-09,24
252,100000028868,2023-09-10,24
253,100000028868,2023-09-11,24
254,100000028868,2023-09-12,24
255,100000028868,2023-09-13,24
256,100000028868,2023-09-14,24
257,100000028868,2023-09-15,24
258,100000028868,2023-09-16,24
259,100000028868,2023-09-17,24
260,100000028868,2023-09-18,24
261,100000028868,2023-09-19,24
262,100000028868,2023-09-20,24
263,100000028868,2023-09-21,24
264,100000028868,2023-09-22,24
265,100000028868,2023-09-23,24
266,100000028868,2023-09-24,24
267,100000028868,2023-09-25,24
268,100000028868,2023-09-26,24
269,100000028868,2023-09-27,24
270,100000028868,2023-09-28,24
271,100000028868,2023-09-29,24
272,100000028868,2023-09-30,24
273,100000028868,2023-10-01,24
274,100000028868,2023-10-02,24
275,100000028868,2023-10-03,24
276,100000028868,2023-10-04,24
277,100000028868,2023-10-05,24
278,100000028868,2023-10-06,24
279,100000028868,2023-10-07,24
280,100000028868,2023-10-08,24
281,100000028868,2023-10-09,24
282,100000028868,2023-10-10,24
283,100000028868,2023-10-11,24
284,100000028868,2023-10-12,24
285,100000028868,2023-10-13,24
286,100000028868,2023-10-14,24
287,100000028868,2023-10-15,24
288,100000028868,2023-10-16,24
289,100000028868,2023-10-17,24
290,100000028868,2023-10-18,24
291,100000028868,2023-10-19,24
292,100000028868,2023-10-20,24
293,100000028868,2023-10-21,24
294,100000028868,2023-10-22,24
295,100000028868,2023-10-23,24
296,100000028868,2023-10-24,24
297,100000028868,2023-10-25,24
298,100000028868,2023-10-26,24
299,100000028868,2023-10-27,24
300,100000028868,2023-10-28,24
301,100000028868,2023-10-29,24
302,100000028868,2023-10-30,24
303,100000028868,2023-10-31,24
304,100000028868,2023-11-01,24
305,100000028868,2023-11-02,24
306,100000028868,2023-11-03,24
307,100000028868,2023-11-04,24
308,100000028868,2023-11-05,24
309,100000028868,2023-11-06,24
310,100000028868,2023-11-07,24
311,100000028868,2023-11-08,24
312,100000028868,2023-11-09,24
313,100000028868,2023-11-10,24
314,100000028868,2023-11-11,24
315,100000028868,2023-11-12,24
316,100000028868,2023-11-13,24
317,100000028868,2023-11-14,24
318,100000028868,2023-11-15,24
319,100000028868,2023-11-16,24
320,100000028868,2023-11-17,24
321,100000028868,2023-11-18,24
322,100000028868,2023-11-19,24
323,100000028868,2023-11-20,24
324,100000028868,2023-11-21,24
325,100000028868,2023-11-22,24
326,100000028868,2023-11-23,24
327,100000028868,2023-11-24,24
328,100000028868,2023-11-25,24
329,100000028868,2023-11-26,24
330,100000028868,2023-11-27,24
331,100000028868,2023-11-28,24
332,100000028868,2023-11-29,24
333,100000028868,2023-11-30,24
334,100000028868,2023-12-01,24
335,100000028868,2023-12-02,24
336,100000028868,2023-12-03,24
337,100000028868,2023-12-04,24
338,100000028868,2023-12-05,24
339,100000028868,2023-12-06,24
340,100000028868,2023-12-07,24
341,100000028868,2023-12-08,24
342,100000028868,2023-12-09,24
343,100000028868,2023-12-10,24
344,100000028868,2023-12-11,24
345,100000028868,2023-12-12,24
346,100000028868,2023-12-13,24
347,100000028868,2023-12-14,24
348,100000028868,2023-12-15,24
349,100000028868,2023-12-16,24
350,100000028868,2023-12-17,24
351,100000028868,2023-12-18,24
352,100000028868,2023-12-19,24
353,100000028868,2023-12-20,24
354,100000028868,2023-12-21,24
355,100000028868,2023-12-22,24
356,100000028868,2023-12-23,24
357,100000028868,2023-12-24,24
358,100000028868,2023-12-25,24
359,100000028868,2023-12-26,24
360,100000028868,2023-12-27,24
361,100000028868,2023-12-28,24
362,100000028868,2023-12-29,24
363,100000028868,2023-12-30,24
364,100000028868,2023-12-31,24
365,100000028868,2024-01-01,24
366,100000028868,2024-01-02,24
367,100000028868,2024-01-03,24
368,100000028868,2024-01-04,24
369,100000028868,2024-01-05,24
370,100000028868,2024-01-06,24
371,100000028868,2024-01-07,24
372,100000028868,2024-01-08,24
373,100000028868,2024-01-09,24
374,100000028868,2024-01-10,24
375,100000028868,2024-01-11,24
376,100000028868,2024-01-12,24
377,100000028868,2024-01-13,24
378,100000028868,2024-01-14,24
379,100000028868,2024-01-15,24
380,100000028868,2024-01-16,24
381,100000028868,2024-01-17,24
382,100000028868,2024-01-18,24
383,100000028868,2024-01-19,24
384,100000028868,2024-01-20,24
385,100000028868,2024-01-21,24
386,100000028868,2024-01-22,24
387,100000028868,2024-01-23,24
388,100000028868,2024-01-24,24
389,100000028868,2024-01-25,24
390,100000028868,2024-01-26,24
391,100000028868,2024-01-27,24
392,100000028868,2024-01-28,24
393,100000028868,2024-01-29,24
394,100000028868,2024-01-30,24
395,100000028868,2024-01-31,24
396,100000028868,2024-02-01,24
397,100000028868,2024-02-02,24
398,100000028868,2024-02-03,24
399,100000028868,2024-02-04,24
400,100000028868,2024-02-05,24
401,100000028868,2024-02-06,24
402,100000028868,2024-02-07,24
403,100000028868,2024-02-08,24
404,100000028868,2024-02-09,24
405,100000028868,2024-02-10,24
406,100000028868,2024-02-11,24
407,100000028868,2024-02-12,24
408,100000028868,2024-02-13,24
409,100000028868,2024-02-14,24
410,100000028868,2024-02-15,24
411,100000028868,2024-02-16,24
412,100000028868,2024-02-17,24
413,100000028868,2024-02-18,24
414,100000028868,2024-02-19,24
415,100000028868,2024-02-20,24
416,100000028868,2024-02-21,24
417,100000028868,2024-02-22,24
418,100000028868,2024-02-23,24
419,100000028868,2024-02-24,24
420,100000028868,2024-02-25,24
421,100000028868,2024-02-26,24
422,100000028868,2024-02-27,24
423,100000028868,2024-02-28,24
424,100000028868,2024-02-29,24
425,100000028868,2024-03-01,24
426,100000028868,2024-03-02,24
427,100000028868,2024-03-03,24
428,100000028868,2024-03-04,24
429,100000028868,2024-03-05,24
430,100000028868,2024-03-06,24
431,100000028868,2024-03-07,24
432,100000028868,2024-03-08,24
433,100000028868,2024-03-09,24
434,100000028868,2024-03-10,24
435,100000028868,2024-03-11,24
436,100000028868,2024-03-12,24
437,100000028868,2024-03-13,24
438,100000028868,2024-03-14,24
439,100000028868,2024-03-15,24
440,100000028868,2024-03-16,24
441,100000028868,2024-03-17,24
442,100000028868,2024-03-18,24
443,100000028868,2024-03-19,24
444,100000028868,2024-03-20,24
445,100000028868,2024-03-21,24
446,100000028868,2024-03-22,24
447,100000028868,2024-03-23,24
448,100000028868,2024-03-24,24
449,100000028868,2024-03-25,24
450,100000028868,2024-03-26,24
451,100000028868,2024-03-27,24
452,100000028868,2024-03-28,24
453,100000028868,2024-03-29,24
454,100000028868,2024-03-30,24
455,100000028868,2024-03-31,24
456,100000028868,2024-04-01,24
457,100000028868,2024-04-02,24
458,100000028868,2024-04-03,24
459,100000028868,2024-04-04,24
460,100000028868,2024-04-05,24
461,100000028868,2024-04-06,24
462,100000028868,2024-04-07,24
463,100000028868,2024-04-08,24
464,100000028868,2024-04-09,24
465,100000028868,2024-04-10,24
466,100000028868,2024-04-11,24
467,100000028868,2024-04-12,24
468,100000028868,2024-04-13,24
469,100000028868,2024-04-14,24
470,100000028868,2024-04-15,24
471,100000028868,2024-04-16,24
472,100000028868,2024-04-17,24
473,100000028868,2024-04-18,24
474,100000028868,2024-04-19,24
475,100000028868,2024-04-20,24
476,100000028868,2024-04-21,24
477,100000028868,2024-04-22,24
478,100000028868,2024-04-23,24
479,100000028868,2024-04-24,24
480,100000028868,2024-04-25,24
481,100000028868,2024-04-26,24
482,100000028868,2024-04-27,24
483,100000028868,2024-04-28,24
484,100000028868,2024-04-29,24
485,100000028868,2024-04-30,24
486,100000028868,2024-05-01,24
487,100000028868,2024-05-02,24
488,100000028868,2024-05-03,24
489,100000028868,2024-05-04,24
490,100000028868,2024-05-05,24
491,100000028868,2024-05-06,24
492,100000028868,2024-05-07,24
493,100000028868,2024-05-08,24
494,100000028868,2024-05-09,24
495,100000028868,2024-05-10,24
496,100000028868,2024-05-11,24
497,100000028868,2024-05-12,24
498,100000028868,2024-05-13,24
499,100000028868,2024-05-14,24
500,100000028868,2024-05-15,24
501,100000028868,2024-05-16,24
502,100000028868,2024-05-17,24
503,100000028868,2024-05-18,24
504,100000028868,2024-05-19,24
505,100000028868,2024-05-20,24
506,100000028868,2024-05-21,24
507,100000028868,2024-05-22,24
508,100000028868,2024-05-23,24
509,100000028868,2024-05-24,24
510,100000028868,2024-05-25,24
511,100000028868,2024-05-26,24
512,100000028868,2024-05-27,24
513,100000028868,2024-05-28,24
514,100000028868,2024-05-29,24
515,100000028868,2024-05-30,24
516,100000028868,2024-05-31,24
517,100000028868,2024-06-01,24
518,100000028868,2024-06-02,24
519,100000028868,2024-06-03,24
520,100000028868,2024-06-04,24
521,100000028868,2024-06-05,24
522,100000028868,2024-06-06,24
523,100000028868,2024-06-07,24
524,100000028868,2024-06-08,24
525,100000028868,2024-06-09,24
526,100000028868,2024-06-10,24
527,100000028868,2024-06-11,24
528,100000028868,2024-06-12,24
529,100000028868,2024-06-13,24
530,100000028868,2024-06-14,24
531,100000028868,2024-06-15,24
532,100000028868,2024-06-16,24
533,100000028868,2024-06-17,24
534,100000028868,2024-06-18,24
535,100000028868,2024-06-19,24
536,100000028868,2024-06-20,24
537,100000028868,2024-06-21,24
538,100000028868,2024-06-22,24
539,100000028868,2024-06-23,24
540,100000028868,2024-06-24,24
541,100000028868,2024-06-25,24
542,100000028868,2024-06-26,24
543,100000028868,2024-06-27,24
544,100000028868,2024-06-28,24
545,100000028868,2024-06-29,24
546,100000028868,2024-06-30,24
547,100000028868,2024-07-01,24
548,100000028868,2024-07-02,24
549,100000028868,2024-07-03,24
550,100000028868,2024-07-04,24
551,100000028868,2024-07-05,24
552,100000028868,2024-07-06,24
553,100000028868,2024-07-07,24
554,100000028868,2024-07-08,24
555,100000028868,2024-07-09,24
556,100000028868,2024-07-10,24
557,100000028868,2024-07-11,24
558,100000028868,2024-07-12,24
559,100000028868,2024-07-13,24
560,100000028868,2024-07-14,24
561,100000028868,2024-07-15,24
562,100000028868,2024-07-16,24
563,100000028868,2024-07-17,24
564,100000028868,2024-07-18,24
565,100000028868,2024-07-19,24
566,100000028868,2024-07-20,24
567,100000028868,2024-07-21,24
568,100000028868,2024-07-22,24
569,100000028868,2024-07-23,24
570,100000028868,2024-07-24,24
571,100000028868,2024-07-25,24
572,100000028868,2024-07-26,24
573,100000028868,2024-07-27,24
574,100000028868,2024-07-28,24
575,100000028868,2024-07-29,24
576,100000028868,2024-07-30,24
577,100000028868,2024-07-31,24
578,100000028868,2024-08-01,24
579,100000028868,2024-08-02,24
580,100000028868,2024-08-03,24
581,100000028868,2024-08-04,24
582,100000028868,2024-08-05,24
583,100000028868,2024-08-06,24
584,100000028868,2024-08-07,24
585,100000028868,2024-08-08,24
586,100000028868,2024-08-09,24
587,100000028868,2024-08-10,24
588,100000028868,2024-08-11,24
589,100000028868,2024-08-12,24
590,100000028868,2024-08-13,24
591,100000028868,2024-08-14,24
592,100000028868,2024-08-15,24
593,100000028868,2024-08-16,24
594,100000028868,2024-08-17,24
595,100000028868,2024-08-18,24
596,100000028868,2024-08-19,24
597,100000028868,2024-08-20,24
598,100000028868,2024-08-21,24
599,100000028868,2024-08-22,24
600,100000028868,2024-08-23,24
601,100000028868,2024-08-24,24
602,100000028868,2024-08-25,24
603,100000028868,2024-08-26,24
604,100000028868,2024-08-27,24
605,100000028868,2024-08-28,24
606,100000028868,2024-08-29,24
607,100000028868,2024-08-30,24
608,100000028868,2024-08-31,24
609,100000028868,2024-09-01,24
610,100000028868,2024-09-02,24
611,100000028868,2024-09-03,24
612,100000028868,2024-09-04,24
613,100000028868,2024-09-05,24
614,100000028868,2024-09-06,24
615,100000028868,2024-09-07,24
616,100000028868,2024-09-08,24
617,100000028868,2024-09-09,24
618,100000028868,2024-09-10,24
619,100000028868,2024-09-11,24
620,100000028868,2024-09-12,24
621,100000028868,2024-09-13,24
622,100000028868,2024-09-14,24
623,100000028868,2024-09-15,24
624,100000028868,2024-09-16,24
625,100000028868,2024-09-17,24
626,100000028868,2024-09-18,24
627,100000028868,2024-09-19,24
628,100000028868,2024-09-20,24
629,100000028868,2024-09-21,24
630,100000028868,2024-09-22,24
631,100000028868,2024-09-23,24
632,100000028868,2024-09-24,24
633,100000028868,2024-09-25,24
634,100000028868,2024-09-26,24
635,100000028868,2024-09-27,24
636,100000028868,2024-09-28,24
637,100000028868,2024-09-29,24
638,100000028868,2024-09-30,24
639,100000028868,2024-10-01,24
640,100000028868,2024-10-02,24
641,100000028868,2024-10-03,24
642,100000028868,2024-10-04,24
643,100000028868,2024-10-05,24
644,100000028868,2024-10-06,24
645,100000028868,2024-10-07,24
646,100000028868,2024-10-08,24
647,100000028868,2024-10-09,24
648,100000028868,2024-10-10,24
649,100000028868,2024-10-11,24
650,100000028868,2024-10-12,24
651,100000028868,2024-10-13,24
652,100000028868,2024-10-14,24
653,100000028868,2024-10-15,24
654,100000028868,2024-10-16,24
655,100000028868,2024-10-17,24
656,100000028868,2024-10-18,24
657,100000028868,2024-10-19,24
658,100000028868,2024-10-20,24
659,100000028868,2024-10-21,24
660,100000028868,2024-10-22,24
661,100000028868,2024-10-23,24
662,100000028868,2024-10-24,24
663,100000028868,2024-10-25,24
664,100000028868,2024-10-26,24
665,100000028868,2024-10-27,24
666,100000028868,2024-10-28,24
667,100000028868,2024-10-29,24
668,100000028868,2024-10-30,24
669,100000028868,2024-10-31,24
670,100000028868,2024-11-01,24
671,100000028868,2024-11-02,24
672,100000028868,2024-11-03,24
673,100000028868,2024-11-04,24
674,100000028868,2024-11-05,24
675,100000028868,2024-11-06,24
676,100000028868,2024-11-07,24
677,100000028868,2024-11-08,24
678,100000028868,2024-11-09,24
679,100000028868,2024-11-10,24
680,100000028868,2024-11-11,24
681,100000028868,2024-11-12,24
682,100000028868,2024-11-13,24
683,100000028868,2024-11-14,24
684,100000028868,2024-11-15,24
685,100000028868,2024-11-16,24
686,100000028868,2024-11-17,24
687,100000028868,2024-11-18,24
688,100000028868,2024-11-19,24
689,100000028868,2024-11-20,24
690,100000028868,2024-11-21,24
691,100000028868,2024-11-22,24
692,100000028868,2024-11-23,24
693,100000028868,2024-11-24,24
694,100000028868,2024-11-25,24
695,100000028868,2024-11-26,24
696,100000028868,2024-11-27,24
697,100000028868,2024-11-28,24
698,100000028868,2024-11-29,24
699,100000028868,2024-11-30,24
700,100000028868,2024-12-01,24
701,100000028868,2024-12-02,24
702,100000028868,2024-12-03,24
703,100000028868,2024-12-04,24
704,100000028868,2024-12-05,24
705,100000028868,2024-12-06,24
706,100000028868,2024-12-07,24
707,100000028868,2024-12-08,24
708,100000028868,2024-12-09,24
709,100000028868,2024-12-10,24
710,100000028868,2024-12-11,24
711,100000028868,2024-12-12,24
712,100000028868,2024-12-13,24
713,100000028868,2024-12-14,24
714,100000028868,2024-12-15,24
715,100000028868,2024-12-16,24
716,100000028868,2024-12-17,24
717,100000028868,2024-12-18,24
718,100000028868,2024-12-19,24
719,100000028868,2024-12-20,24
720,100000028868,2024-12-21,24
721,100000028868,2024-12-22,24
722,100000028868,2024-12-23,24
723,100000028868,2024-12-24,24
724,100000028868,2024-12-25,24
725,100000028868,2024-12-26,24
726,100000028868,2024-12-27,24
727,100000028868,2024-12-28,24
728,100000028868,2024-12-29,24
729,100000028868,2024-12-30,24
730,100000028868,2024-12-31,24
731,100000028868,2025-01-01,24
732,100000028868,2025-01-02,24
733,100000028868,2025-01-03,24
734,100000028868,2025-01-04,24
735,100000028868,2025-01-05,24
736,100000028868,2025-01-06,24
737,100000028868,2025-01-07,24
738,100000028868,2025-01-08,24
739,100000028868,2025-01-09,24
740,100000028868,2025-01-10,24
741,100000028868,2025-01-11,24
742,100000028868,2025-01-12,24
743,100000028868,2025-01-13,24
744,100000028868,2025-01-14,24
745,100000028868,2025-01-15,24
746,100000028868,2025-01-16,24
747,100000028868,2025-01-17,24
748,100000028868,2025-01-18,24
749,100000028868,2025-01-19,24
750,100000028868,2025-01-20,24
751,100000028868,2025-01-21,24
752,100000028868,2025-01-22,24
753,100000028868,2025-01-23,24
754,100000028868,2025-01-24,24
755,100000028868,2025-01-25,24
756,100000028868,2025-01-26,24
757,100000028868,2025-01-27,24
758,100000028868,2025-01-28,24
759,100000028868,2025-01-29,24
760,100000028868,2025-01-30,24
761,100000028868,2025-01-31,24
762,100000028868,2025-02-01,24
763,100000028868,2025-02-02,24
764,100000028868,2025-02-03,24
765,100000028868,2025-02-04,24
766,100000028868,2025-02-05,24
767,100000028868,2025-02-06,24
768,100000028868,2025-02-07,24
769,100000028868,2025-02-08,24
770,100000028868,2025-02-09,24
771,100000028868,2025-02-10,24
772,100000028868,2025-02-11,24
773,100000028868,2025-02-12,24
774,100000028868,2025-02-13,24
775,100000028868,2025-02-14,24
776,100000028868,2025-02-15,24
777,100000028868,2025-02-16,24
778,100000028868,2025-02-17,24
779,100000028868,2025-02-18,24
780,100000028868,2025-02-19,24
781,100000028868,2025-02-20,24
782,100000028868,2025-02-21,24
783,100000028868,2025-02-22,24
784,100000028868,2025-02-23,24
785,100000028868,2025-02-24,24
786,100000028868,2025-02-25,24
787,100000028868,2025-02-26,24
788,100000028868,2025-02-27,24
789,100000028868,2025-02-28,24
790,100000028868,2025-03-01,24
791,100000028868,2025-03-02,24
792,100000028868,2025-03-03,24
793,100000028868,2025-03-04,24
794,100000028868,2025-03-05,24
795,100000028868,2025-03-06,24
796,100000028868,2025-03-07,24
797,100000028868,2025-03-08,24
798,100000028868,2025-03-09,24
799,100000028868,2025-03-10,24
800,100000028868,2025-03-11,24
801,100000028868,2025-03-12,24
802,100000028868,2025-03-13,24
803,100000028868,2025-03-14,24
804,100000028868,2025-03-15,24
805,100000028868,2025-03-16,24
806,100000028868,2025-03-17,24
807,100000028868,2025-03-18,24
808,100000028868,2025-03-19,24
809,100000028868,2025-03-20,24
810,100000028868,2025-03-21,24
811,100000028868,2025-03-22,24
812,100000028868,2025-03-23,24
813,100000028868,2025-03-24,24
814,100000028868,2025-03-25,24
815,100000028868,2025-03-26,24
816,100000028868,2025-03-27,24
817,100000028868,2025-03-28,24
818,100000028868,2025-03-29,24
819,100000028868,2025-03-30,24
820,100000028868,2025-03-31,24
821,100000028868,2025-04-01,24
822,100000028868,2025-04-02,24
823,100000028868,2025-04-03,24
824,100000028868,2025-04-04,24
825,100000028868,2025-04-05,24
826,100000028868,2025-04-06,24
827,100000028868,2025-04-07,24
828,100000028868,2025-04-08,24
829,100000028868,2025-04-09,24
830,100000028868,2025-04-10,24
831,100000028868,2025-04-11,24
832,100000028868,2025-04-12,24
833,100000028868,2025-04-13,24
834,100000028868,2025-04-14,24
835,100000028868,2025-04-15,24
836,100000028868,2025-04-16,24
837,100000028868,2025-04-17,24
838,100000028868,2025-04-18,24
839,100000028868,2025-04-19,24
840,100000028868,2025-04-20,24
841,100000028868,2025-04-21,24
842,100000028868,2025-04-22,24
843,100000028868,2025-04-23,24
844,100000028868,2025-04-24,24
845,100000028868,2025-04-25,24
846,100000028868,2025-04-26,24
847,100000028868,2025-04-27,24
848,100000028868,2025-04-28,24
849,100000028868,2025-04-29,24
850,100000028868,2025-04-30,24
851,100000028868,2025-05-01,24
852,100000028868,2025-05-02,24
853,100000028868,2025-05-03,24
854,100000028868,2025-05-04,24
855,100000028868,2025-05-05,24
856,100000028868,2025-05-06,24
857,100000028868,2025-05-07,24
858,100000028868,2025-05-08,24
859,100000028868,2025-05-09,24
860,100000028868,2025-05-10,24
861,100000028868,2025-05-11,24
862,100000028868,2025-05-12,24
863,100000028868,2025-05-13,24
864,100000028868,2025-05-14,24
865,100000028868,2025-05-15,24
866,100000028868,2025-05-16,24
867,100000028868,2025-05-17,24
868,100000028868,2025-05-18,24
869,100000028868,2025-05-19,24
870,100000028868,2025-05-20,24
871,100000028868,2025-05-21,24
872,100000028868,2025-05-22,24
873,100000028868,2025-05-23,24
874,100000028868,2025-05-24,24
875,100000028868,2025-05-25,24
876,100000028868,2025-05-26,24
877,100000028868,2025-05-27,24
878,100000028868,2025-05-28,24
879,100000028868,2025-05-29,24
880,100000028868,2025-05-30,24
881,100000028868,2025-05-31,24
882,100000028868,2025-06-01,24
883,100000028868,2025-06-02,24
884,100000028868,2025-06-03,24
885,100000028868,2025-06-04,24
886,100000028868,2025-06-05,24
887,100000028868,2025-06-06,24
888,100000028868,2025-06-07,24
889,100000028868,2025-06-08,24
890,100000028868,2025-06-09,24
891,100000028868,2025-06-10,24
892,100000028868,2025-06-11,24
893,100000028868,2025-06-12,24
894,100000028868,2025-06-13,24
895,100000028868,2025-06-14,24
896,100000028868,2025-06-15,24
897,100000028868,2025-06-16,24
898,100000028868,2025-06-17,24
899,100000028868,2025-06-18,24
900,100000028868,2025-06-19,24
901,100000028868,2025-06-20,24
902,100000028868,2025-06-21,24
903,100000028868,2025-06-22,24
904,100000028868,2025-06-23,24
905,100000028868,2025-06-24,24
906,100000028868,2025-06-25,24
907,100000028868,2025-06-26,24
908,100000028868,2025-06-27,24
909,100000028868,2025-06-28,24
910,100000028868,2025-06-29,24
911,100000028868,2025-06-30,24
912,100000028868,2025-07-01,24
913,100000028868,2025-07-02,24
914,100000028868,2025-07-03,24
915,100000028868,2025-07-04,24
916,100000028868,2025-07-05,24
917,100000028868,2025-07-06,24
918,100000028868,2025-07-07,24
919,100000028868,2025-07-08,24
920,100000028868,2025-07-09,24
921,100000028868,2025-07-10,24
922,100000028868,2025-07-11,24
923,100000028868,2025-07-12,24
924,100000028868,2025-07-13,24
925,100000028868,2025-07-14,24
926,100000028868,2025-07-15,24
927,100000028868,2025-07-16,24
928,100000028868,2025-07-17,24
929,100000028868,2025-07-18,24
930,100000028868,2025-07-19,24
931,100000028868,2025-07-20,24
932,100000028868,2025-07-21,24
933,100000028868,2025-07-22,24
934,100000028868,2025-07-23,24
935,100000028868,2025-07-24,24
936,100000028868,2025-07-25,24
937,100000028868,2025-07-26,24
938,100000028868,2025-07-27,24
939,100000028868,2025-07-28,24
940,100000028868,2025-07-29,24
941,100000028868,2025-07-30,24
942,100000028868,2025-07-31,24
943,100000028868,2025-08-01,24
944,100000028868,2025-08-02,24
945,100000028868,2025-08-03,24
946,100000028868,2025-08-04,24
947,100000028868,2025-08-05,24
948,100000028868,2025-08-06,24
949,100000028868,2025-08-07,24
950,100000028868,2025-08-08,24
951,100000028868,2025-08-09,24
952,100000028868,2025-08-10,24
953,100000028868,2025-08-11,24
954,100000028868,2025-08-12,24
955,100000028868,2025-08-13,24
956,100000028868,2025-08-14,24
957,100000028868,2025-08-15,24
958,100000028868,2025-08-16,24
959,100000028868,2025-08-17,24
960,100000028868,2025-08-18,24
961,100000028868,2025-08-19,24
962,100000028868,2025-08-20,24
963,100000028868,2025-08-21,24
964,100000028868,2025-08-22,24
965,100000028868,2025-08-23,24
966,100000028868,2025-08-24,24
967,100000028868,2025-08-25,24
968,100000028868,2025-08-26,24
969,100000028868,2025-08-27,24
970,100000028868,2025-08-28,24
971,100000028868,2025-08-29,24
972,100000028868,2025-08-30,24
973,100000028868,2025-08-31,24
974,100000028868,2025-09-01,24
975,100000028868,2025-09-02,24
976,100000028868,2025-09-03,24
977,100000028868,2025-09-04,24
978,100000028868,2025-09-05,24
979,100000028868,2025-09-06,24
980,100000028868,2025-09-07,24
981,100000028868,2025-09-08,24
982,100000028868,2025-09-09,24
983,100000028868,2025-09-10,24
984,100000028868,2025-09-11,24
985,100000028868,2025-09-12,24
986,100000028868,2025-09-13,24
987,100000028868,2025-09-14,24
988,100000028868,2025-09-15,24
989,100000028868,2025-09-16,24
990,100000028868,2025-09-17,24
991,100000028868,2025-09-18,24
992,100000028868,2025-09-19,24
993,100000028868,2025-09-20,24
994,100000028868,2025-09-21,24
995,100000028868,2025-09-22,24
996,100000028868,2025-09-23,24
997,100000028868,2025-09-24,24
998,100000028868,2025-09-25,24
999,100000028868,2025-09-26,24
1000,100000028868,2025-09-27,24
1001,100000028868,2025-09-28,24
1002,100000028868,2025-09-29,24
1003,100000028868,2025-09-30,24
1004,100000028868,2025-10-01,24
1005,100000028868,2025-10-02,24
1006,100000028868,2025-10-03,24
1007,100000028868,2025-10-04,24
1008,100000028868,2025-10-05,24
1009,100000028868,2025-10-06,24
1010,100000028868,2025-10-07,24
1011,100000028868,2025-10-08,24
1012,100000028868,2025-10-09,24
1013,100000028868,2025-10-10,24
1014,100000028868,2025-10-11,24
1015,100000028868,2025-10-12,24
1016,100000028868,2025-10-13,24
1017,100000028868,2025-10-14,24
1018,100000028868,2025-10-15,24
1019,100000028868,2025-10-16,24
1020,100000028868,2025-10-17,24
1021,100000028868,2025-10-18,24
1022,100000028868,2025-10-19,24
1023,100000028868,2025-10-20,24
1024,100000028868,2025-10-21,24
1025,100000028868,2025-10-22,24
1026,100000028868,2025-10-23,24
1027,100000028868,2025-10-24,24
1028,100000028868,2025-10-25,24
1029,100000028868,2025-10-26,24
1030,100000028868,2025-10-27,24
1031,100000028868,2025-10-28,24
1032,100000028868,2025-10-29,24
1033,100000028868,2025-10-30,24
1034,100000028868,2025-10-31,24
1035,100000028868,2025-11-01,24
1036,100000028868,2025-11-02,24
1037,100000028868,2025-11-03,24
1038,100000028868,2025-11-04,24
1039,100000028868,2025-11-05,24
1040,100000028868,2025-11-06,24
1041,100000028868,2025-11-07,24
1042,100000028868,2025-11-08,24
1043,100000028868,2025-11-09,24
1044,100000028868,2025-11-10,24
1045,100000028868,2025-11-11,24
1046,100000028868,2025-11-12,24
1047,100000028868,2025-11-13,24
1048,100000028868,2025-11-14,24
1049,100000028868,2025-11-15,24
1050,100000028868,2025-11-16,24
1051,100000028868,2025-11-17,24
1052,100000028868,2025-11-18,24
1053,100000028868,2025-11-19,24
1054,100000028868,2025-11-20,24
1055,100000028868,2025-11-21,24
1056,100000028868,2025-11-22,24
1057,100000028868,2025-11-23,24
1058,100000028868,2025-11-24,24
1059,100000028868,2025-11-25,24
1060,100000028868,2025-11-26,24
1061,100000028868,2025-11-27,24
1062,100000028868,2025-11-28,24
1063,100000028868,2025-11-29,24
1064,100000028868,2025-11-30,24
1065,100000028868,2025-12-01,24
1066,100000028868,2025-12-02,24
1067,100000028868,2025-12-03,24
1068,100000028868,2025-12-04,24
1069,100000028868,2025-12-05,24
1070,100000028868,2025-12-06,24
1071,100000028868,2025-12-07,24
1072,100000028868,2025-12-08,24
1073,100000028868,2025-12-09,24
1074,100000028868,2025-12-10,24
1075,100000028868,2025-12-11,24
1076,100000028868,2025-12-12,24
1077,100000028868,2025-12-13,24
1078,100000028868,2025-12-14,24
1079,100000028868,2025-12-15,24
1080,100000028868,2025-12-16,24
1081,100000028868,2025-12-17,24
1082,100000028868,2025-12-18,24
1083,100000028868,2025-12-19,24
1084,100000028868,2025-12-20,24
1085,100000028868,2025-12-21,24
1086,100000028868,2025-12-22,24
1087,100000028868,2025-12-23,24
1088,100000028868,2025-12-24,24
1089,100000028868,2025-12-25,24
1090,100000028868,2025-12-26,24
1091,100000028868,2025-12-27,24
1092,100000028868,2025-12-28,24
1093,100000028868,2025-12-29,24
1094,100000028868,2025-12-30,24
1095,100000028868,2025-12-31,24
