,eo_maintanance_job_code,last_maintanance_date
0,100000084396_17,31.12.2022
1,100000084396_18,31.12.2022
2,100000084396_19,31.12.2022
3,100000084396_20,31.12.2022
4,100000084396_21,31.12.2022
5,100000084396_22,31.12.2022
6,100000084396_23,31.12.2022
7,100000084396_24,31.12.2022
8,100000084396_25,31.12.2022
9,100000084396_26,31.12.2022
10,100000084396_27,31.12.2022
11,100000084396_28,31.12.2022
12,100000084396_29,31.12.2022
13,100000084396_30,31.12.2022
14,100000084396_31,31.12.2022
15,100000084396_32,31.12.2022
16,100000084396_33,31.12.2022
17,100000084396_34,31.12.2022
18,100000084396_35,31.12.2022
19,100000084397_17,31.12.2022
20,100000084397_18,31.12.2022
21,100000084397_19,31.12.2022
22,100000084397_20,31.12.2022
23,100000084397_21,31.12.2022
24,100000084397_22,31.12.2022
25,100000084397_23,31.12.2022
26,100000084397_24,31.12.2022
27,100000084397_25,31.12.2022
28,100000084397_26,31.12.2022
29,100000084397_27,31.12.2022
30,100000084397_28,31.12.2022
31,100000084397_29,31.12.2022
32,100000084397_30,31.12.2022
33,100000084397_31,31.12.2022
34,100000084397_32,31.12.2022
35,100000084397_33,31.12.2022
36,100000084397_34,31.12.2022
37,100000084397_35,31.12.2022
38,100000084398_17,31.12.2022
39,100000084398_18,31.12.2022
40,100000084398_19,31.12.2022
41,100000084398_20,31.12.2022
42,100000084398_21,31.12.2022
43,100000084398_22,31.12.2022
44,100000084398_23,31.12.2022
45,100000084398_24,31.12.2022
46,100000084398_25,31.12.2022
47,100000084398_26,31.12.2022
48,100000084398_27,31.12.2022
49,100000084398_28,31.12.2022
50,100000084398_29,31.12.2022
51,100000084398_30,31.12.2022
52,100000084398_31,31.12.2022
53,100000084398_32,31.12.2022
54,100000084398_33,31.12.2022
55,100000084398_34,31.12.2022
56,100000084398_35,31.12.2022
57,100000084399_17,31.12.2022
58,100000084399_18,31.12.2022
59,100000084399_19,31.12.2022
60,100000084399_20,31.12.2022
61,100000084399_21,31.12.2022
62,100000084399_22,31.12.2022
63,100000084399_23,31.12.2022
64,100000084399_24,31.12.2022
65,100000084399_25,31.12.2022
66,100000084399_26,31.12.2022
67,100000084399_27,31.12.2022
68,100000084399_28,31.12.2022
69,100000084399_29,31.12.2022
70,100000084399_30,31.12.2022
71,100000084399_31,31.12.2022
72,100000084399_32,31.12.2022
73,100000084399_33,31.12.2022
74,100000084399_34,31.12.2022
75,100000084399_35,31.12.2022
76,100000084402_17,31.12.2022
77,100000084402_18,31.12.2022
78,100000084402_19,31.12.2022
79,100000084402_20,31.12.2022
80,100000084402_21,31.12.2022
81,100000084402_22,31.12.2022
82,100000084402_23,31.12.2022
83,100000084402_24,31.12.2022
84,100000084402_25,31.12.2022
85,100000084402_26,31.12.2022
86,100000084402_27,31.12.2022
87,100000084402_28,31.12.2022
88,100000084402_29,31.12.2022
89,100000084402_30,31.12.2022
90,100000084402_31,31.12.2022
91,100000084402_32,31.12.2022
92,100000084402_33,31.12.2022
93,100000084402_34,31.12.2022
94,100000084402_35,31.12.2022
95,100000084403_17,31.12.2022
96,100000084403_18,31.12.2022
97,100000084403_19,31.12.2022
98,100000084403_20,31.12.2022
99,100000084403_21,31.12.2022
100,100000084403_22,31.12.2022
101,100000084403_23,31.12.2022
102,100000084403_24,31.12.2022
103,100000084403_25,31.12.2022
104,100000084403_26,31.12.2022
105,100000084403_27,31.12.2022
106,100000084403_28,31.12.2022
107,100000084403_29,31.12.2022
108,100000084403_30,31.12.2022
109,100000084403_31,31.12.2022
110,100000084403_32,31.12.2022
111,100000084403_33,31.12.2022
112,100000084403_34,31.12.2022
113,100000084403_35,31.12.2022
114,100000084400_17,31.12.2022
115,100000084400_18,31.12.2022
116,100000084400_19,31.12.2022
117,100000084400_20,31.12.2022
118,100000084400_21,31.12.2022
119,100000084400_22,31.12.2022
120,100000084400_23,31.12.2022
121,100000084400_24,31.12.2022
122,100000084400_25,31.12.2022
123,100000084400_26,31.12.2022
124,100000084400_27,31.12.2022
125,100000084400_28,31.12.2022
126,100000084400_29,31.12.2022
127,100000084400_30,31.12.2022
128,100000084400_31,31.12.2022
129,100000084400_32,31.12.2022
130,100000084400_33,31.12.2022
131,100000084400_34,31.12.2022
132,100000084400_35,31.12.2022
133,100000084401_17,31.12.2022
134,100000084401_18,31.12.2022
135,100000084401_19,31.12.2022
136,100000084401_20,31.12.2022
137,100000084401_21,31.12.2022
138,100000084401_22,31.12.2022
139,100000084401_23,31.12.2022
140,100000084401_24,31.12.2022
141,100000084401_25,31.12.2022
142,100000084401_26,31.12.2022
143,100000084401_27,31.12.2022
144,100000084401_28,31.12.2022
145,100000084401_29,31.12.2022
146,100000084401_30,31.12.2022
147,100000084401_31,31.12.2022
148,100000084401_32,31.12.2022
149,100000084401_33,31.12.2022
150,100000084401_34,31.12.2022
151,100000084401_35,31.12.2022
152,100000084404_17,31.12.2022
153,100000084404_18,31.12.2022
154,100000084404_19,31.12.2022
155,100000084404_20,31.12.2022
156,100000084404_21,31.12.2022
157,100000084404_22,31.12.2022
158,100000084404_23,31.12.2022
159,100000084404_24,31.12.2022
160,100000084404_25,31.12.2022
161,100000084404_26,31.12.2022
162,100000084404_27,31.12.2022
163,100000084404_28,31.12.2022
164,100000084404_29,31.12.2022
165,100000084404_30,31.12.2022
166,100000084404_31,31.12.2022
167,100000084404_32,31.12.2022
168,100000084404_33,31.12.2022
169,100000084404_34,31.12.2022
170,100000084404_35,31.12.2022
171,100000084405_17,31.12.2022
172,100000084405_18,31.12.2022
173,100000084405_19,31.12.2022
174,100000084405_20,31.12.2022
175,100000084405_21,31.12.2022
176,100000084405_22,31.12.2022
177,100000084405_23,31.12.2022
178,100000084405_24,31.12.2022
179,100000084405_25,31.12.2022
180,100000084405_26,31.12.2022
181,100000084405_27,31.12.2022
182,100000084405_28,31.12.2022
183,100000084405_29,31.12.2022
184,100000084405_30,31.12.2022
185,100000084405_31,31.12.2022
186,100000084405_32,31.12.2022
187,100000084405_33,31.12.2022
188,100000084405_34,31.12.2022
189,100000084405_35,31.12.2022
190,100000084406_17,31.12.2022
191,100000084406_18,31.12.2022
192,100000084406_19,31.12.2022
193,100000084406_20,31.12.2022
194,100000084406_21,31.12.2022
195,100000084406_22,31.12.2022
196,100000084406_23,31.12.2022
197,100000084406_24,31.12.2022
198,100000084406_25,31.12.2022
199,100000084406_26,31.12.2022
200,100000084406_27,31.12.2022
201,100000084406_28,31.12.2022
202,100000084406_29,31.12.2022
203,100000084406_30,31.12.2022
204,100000084406_31,31.12.2022
205,100000084406_32,31.12.2022
206,100000084406_33,31.12.2022
207,100000084406_34,31.12.2022
208,100000084406_35,31.12.2022
209,100000084407_17,31.12.2022
210,100000084407_18,31.12.2022
211,100000084407_19,31.12.2022
212,100000084407_20,31.12.2022
213,100000084407_21,31.12.2022
214,100000084407_22,31.12.2022
215,100000084407_23,31.12.2022
216,100000084407_24,31.12.2022
217,100000084407_25,31.12.2022
218,100000084407_26,31.12.2022
219,100000084407_27,31.12.2022
220,100000084407_28,31.12.2022
221,100000084407_29,31.12.2022
222,100000084407_30,31.12.2022
223,100000084407_31,31.12.2022
224,100000084407_32,31.12.2022
225,100000084407_33,31.12.2022
226,100000084407_34,31.12.2022
227,100000084407_35,31.12.2022
228,100000084408_17,31.12.2022
229,100000084408_18,31.12.2022
230,100000084408_19,31.12.2022
231,100000084408_20,31.12.2022
232,100000084408_21,31.12.2022
233,100000084408_22,31.12.2022
234,100000084408_23,31.12.2022
235,100000084408_24,31.12.2022
236,100000084408_25,31.12.2022
237,100000084408_26,31.12.2022
238,100000084408_27,31.12.2022
239,100000084408_28,31.12.2022
240,100000084408_29,31.12.2022
241,100000084408_30,31.12.2022
242,100000084408_31,31.12.2022
243,100000084408_32,31.12.2022
244,100000084408_33,31.12.2022
245,100000084408_34,31.12.2022
246,100000084408_35,31.12.2022
247,100000084409_17,31.12.2022
248,100000084409_18,31.12.2022
249,100000084409_19,31.12.2022
250,100000084409_20,31.12.2022
251,100000084409_21,31.12.2022
252,100000084409_22,31.12.2022
253,100000084409_23,31.12.2022
254,100000084409_24,31.12.2022
255,100000084409_25,31.12.2022
256,100000084409_26,31.12.2022
257,100000084409_27,31.12.2022
258,100000084409_28,31.12.2022
259,100000084409_29,31.12.2022
260,100000084409_30,31.12.2022
261,100000084409_31,31.12.2022
262,100000084409_32,31.12.2022
263,100000084409_33,31.12.2022
264,100000084409_34,31.12.2022
265,100000084409_35,31.12.2022
266,100000084410_17,31.12.2022
267,100000084410_18,31.12.2022
268,100000084410_19,31.12.2022
269,100000084410_20,31.12.2022
270,100000084410_21,31.12.2022
271,100000084410_22,31.12.2022
272,100000084410_23,31.12.2022
273,100000084410_24,31.12.2022
274,100000084410_25,31.12.2022
275,100000084410_26,31.12.2022
276,100000084410_27,31.12.2022
277,100000084410_28,31.12.2022
278,100000084410_29,31.12.2022
279,100000084410_30,31.12.2022
280,100000084410_31,31.12.2022
281,100000084410_32,31.12.2022
282,100000084410_33,31.12.2022
283,100000084410_34,31.12.2022
284,100000084410_35,31.12.2022
285,100000084411_17,31.12.2022
286,100000084411_18,31.12.2022
287,100000084411_19,31.12.2022
288,100000084411_20,31.12.2022
289,100000084411_21,31.12.2022
290,100000084411_22,31.12.2022
291,100000084411_23,31.12.2022
292,100000084411_24,31.12.2022
293,100000084411_25,31.12.2022
294,100000084411_26,31.12.2022
295,100000084411_27,31.12.2022
296,100000084411_28,31.12.2022
297,100000084411_29,31.12.2022
298,100000084411_30,31.12.2022
299,100000084411_31,31.12.2022
300,100000084411_32,31.12.2022
301,100000084411_33,31.12.2022
302,100000084411_34,31.12.2022
303,100000084411_35,31.12.2022
304,100000084412_17,31.12.2022
305,100000084412_18,31.12.2022
306,100000084412_19,31.12.2022
307,100000084412_20,31.12.2022
308,100000084412_21,31.12.2022
309,100000084412_22,31.12.2022
310,100000084412_23,31.12.2022
311,100000084412_24,31.12.2022
312,100000084412_25,31.12.2022
313,100000084412_26,31.12.2022
314,100000084412_27,31.12.2022
315,100000084412_28,31.12.2022
316,100000084412_29,31.12.2022
317,100000084412_30,31.12.2022
318,100000084412_31,31.12.2022
319,100000084412_32,31.12.2022
320,100000084412_33,31.12.2022
321,100000084412_34,31.12.2022
322,100000084412_35,31.12.2022
323,100000084492_36,10.10.2022
324,100000084492_37,10.10.2022
325,100000084492_38,10.10.2022
326,100000084492_39,10.10.2022
327,100000084492_40,10.10.2022
328,100000084492_41,10.10.2022
329,100000084492_42,10.10.2022
330,100000084492_43,10.10.2022
331,100000084492_44,10.10.2022
332,100000084492_45,10.10.2022
333,100000084492_46,10.10.2022
334,100000084492_47,10.10.2022
335,100000084492_48,10.10.2022
336,100000084492_49,10.10.2022
337,100000084492_50,10.10.2022
338,100000084492_51,10.10.2022
339,100000084492_52,10.10.2022
340,100000084492_53,10.10.2022
341,100000084492_54,10.10.2022
342,100000084493_36,10.10.2022
343,100000084493_37,10.10.2022
344,100000084493_38,10.10.2022
345,100000084493_39,10.10.2022
346,100000084493_40,10.10.2022
347,100000084493_41,10.10.2022
348,100000084493_42,10.10.2022
349,100000084493_43,10.10.2022
350,100000084493_44,10.10.2022
351,100000084493_45,10.10.2022
352,100000084493_46,10.10.2022
353,100000084493_47,10.10.2022
354,100000084493_48,10.10.2022
355,100000084493_49,10.10.2022
356,100000084493_50,10.10.2022
357,100000084493_51,10.10.2022
358,100000084493_52,10.10.2022
359,100000084493_53,10.10.2022
360,100000084493_54,10.10.2022
361,100000084494_36,10.10.2022
362,100000084494_37,10.10.2022
363,100000084494_38,10.10.2022
364,100000084494_39,10.10.2022
365,100000084494_40,10.10.2022
366,100000084494_41,10.10.2022
367,100000084494_42,10.10.2022
368,100000084494_43,10.10.2022
369,100000084494_44,10.10.2022
370,100000084494_45,10.10.2022
371,100000084494_46,10.10.2022
372,100000084494_47,10.10.2022
373,100000084494_48,10.10.2022
374,100000084494_49,10.10.2022
375,100000084494_50,10.10.2022
376,100000084494_51,10.10.2022
377,100000084494_52,10.10.2022
378,100000084494_53,10.10.2022
379,100000084494_54,10.10.2022
380,100000084495_36,10.10.2022
381,100000084495_37,10.10.2022
382,100000084495_38,10.10.2022
383,100000084495_39,10.10.2022
384,100000084495_40,10.10.2022
385,100000084495_41,10.10.2022
386,100000084495_42,10.10.2022
387,100000084495_43,10.10.2022
388,100000084495_44,10.10.2022
389,100000084495_45,10.10.2022
390,100000084495_46,10.10.2022
391,100000084495_47,10.10.2022
392,100000084495_48,10.10.2022
393,100000084495_49,10.10.2022
394,100000084495_50,10.10.2022
395,100000084495_51,10.10.2022
396,100000084495_52,10.10.2022
397,100000084495_53,10.10.2022
398,100000084495_54,10.10.2022
399,100000084496_36,10.10.2022
400,100000084496_37,10.10.2022
401,100000084496_38,10.10.2022
402,100000084496_39,10.10.2022
403,100000084496_40,10.10.2022
404,100000084496_41,10.10.2022
405,100000084496_42,10.10.2022
406,100000084496_43,10.10.2022
407,100000084496_44,10.10.2022
408,100000084496_45,10.10.2022
409,100000084496_46,10.10.2022
410,100000084496_47,10.10.2022
411,100000084496_48,10.10.2022
412,100000084496_49,10.10.2022
413,100000084496_50,10.10.2022
414,100000084496_51,10.10.2022
415,100000084496_52,10.10.2022
416,100000084496_53,10.10.2022
417,100000084496_54,10.10.2022
418,100000084497_36,10.10.2022
419,100000084497_37,10.10.2022
420,100000084497_38,10.10.2022
421,100000084497_39,10.10.2022
422,100000084497_40,10.10.2022
423,100000084497_41,10.10.2022
424,100000084497_42,10.10.2022
425,100000084497_43,10.10.2022
426,100000084497_44,10.10.2022
427,100000084497_45,10.10.2022
428,100000084497_46,10.10.2022
429,100000084497_47,10.10.2022
430,100000084497_48,10.10.2022
431,100000084497_49,10.10.2022
432,100000084497_50,10.10.2022
433,100000084497_51,10.10.2022
434,100000084497_52,10.10.2022
435,100000084497_53,10.10.2022
436,100000084497_54,10.10.2022
437,100000084498_36,10.10.2022
438,100000084498_37,10.10.2022
439,100000084498_38,10.10.2022
440,100000084498_39,10.10.2022
441,100000084498_40,10.10.2022
442,100000084498_41,10.10.2022
443,100000084498_42,10.10.2022
444,100000084498_43,10.10.2022
445,100000084498_44,10.10.2022
446,100000084498_45,10.10.2022
447,100000084498_46,10.10.2022
448,100000084498_47,10.10.2022
449,100000084498_48,10.10.2022
450,100000084498_49,10.10.2022
451,100000084498_50,10.10.2022
452,100000084498_51,10.10.2022
453,100000084498_52,10.10.2022
454,100000084498_53,10.10.2022
455,100000084498_54,10.10.2022
456,100000084499_36,10.10.2022
457,100000084499_37,10.10.2022
458,100000084499_38,10.10.2022
459,100000084499_39,10.10.2022
460,100000084499_40,10.10.2022
461,100000084499_41,10.10.2022
462,100000084499_42,10.10.2022
463,100000084499_43,10.10.2022
464,100000084499_44,10.10.2022
465,100000084499_45,10.10.2022
466,100000084499_46,10.10.2022
467,100000084499_47,10.10.2022
468,100000084499_48,10.10.2022
469,100000084499_49,10.10.2022
470,100000084499_50,10.10.2022
471,100000084499_51,10.10.2022
472,100000084499_52,10.10.2022
473,100000084499_53,10.10.2022
474,100000084499_54,10.10.2022
475,100000084500_36,10.10.2022
476,100000084500_37,10.10.2022
477,100000084500_38,10.10.2022
478,100000084500_39,10.10.2022
479,100000084500_40,10.10.2022
480,100000084500_41,10.10.2022
481,100000084500_42,10.10.2022
482,100000084500_43,10.10.2022
483,100000084500_44,10.10.2022
484,100000084500_45,10.10.2022
485,100000084500_46,10.10.2022
486,100000084500_47,10.10.2022
487,100000084500_48,10.10.2022
488,100000084500_49,10.10.2022
489,100000084500_50,10.10.2022
490,100000084500_51,10.10.2022
491,100000084500_52,10.10.2022
492,100000084500_53,10.10.2022
493,100000084500_54,10.10.2022
494,100000084501_36,10.10.2022
495,100000084501_37,10.10.2022
496,100000084501_38,10.10.2022
497,100000084501_39,10.10.2022
498,100000084501_40,10.10.2022
499,100000084501_41,10.10.2022
500,100000084501_42,10.10.2022
501,100000084501_43,10.10.2022
502,100000084501_44,10.10.2022
503,100000084501_45,10.10.2022
504,100000084501_46,10.10.2022
505,100000084501_47,10.10.2022
506,100000084501_48,10.10.2022
507,100000084501_49,10.10.2022
508,100000084501_50,10.10.2022
509,100000084501_51,10.10.2022
510,100000084501_52,10.10.2022
511,100000084501_53,10.10.2022
512,100000084501_54,10.10.2022
513,100000084502_36,10.10.2022
514,100000084502_37,10.10.2022
515,100000084502_38,10.10.2022
516,100000084502_39,10.10.2022
517,100000084502_40,10.10.2022
518,100000084502_41,10.10.2022
519,100000084502_42,10.10.2022
520,100000084502_43,10.10.2022
521,100000084502_44,10.10.2022
522,100000084502_45,10.10.2022
523,100000084502_46,10.10.2022
524,100000084502_47,10.10.2022
525,100000084502_48,10.10.2022
526,100000084502_49,10.10.2022
527,100000084502_50,10.10.2022
528,100000084502_51,10.10.2022
529,100000084502_52,10.10.2022
530,100000084502_53,10.10.2022
531,100000084502_54,10.10.2022
532,100000084503_36,10.10.2022
533,100000084503_37,10.10.2022
534,100000084503_38,10.10.2022
535,100000084503_39,10.10.2022
536,100000084503_40,10.10.2022
537,100000084503_41,10.10.2022
538,100000084503_42,10.10.2022
539,100000084503_43,10.10.2022
540,100000084503_44,10.10.2022
541,100000084503_45,10.10.2022
542,100000084503_46,10.10.2022
543,100000084503_47,10.10.2022
544,100000084503_48,10.10.2022
545,100000084503_49,10.10.2022
546,100000084503_50,10.10.2022
547,100000084503_51,10.10.2022
548,100000084503_52,10.10.2022
549,100000084503_53,10.10.2022
550,100000084503_54,10.10.2022
551,100000084504_36,10.10.2022
552,100000084504_37,10.10.2022
553,100000084504_38,10.10.2022
554,100000084504_39,10.10.2022
555,100000084504_40,10.10.2022
556,100000084504_41,10.10.2022
557,100000084504_42,10.10.2022
558,100000084504_43,10.10.2022
559,100000084504_44,10.10.2022
560,100000084504_45,10.10.2022
561,100000084504_46,10.10.2022
562,100000084504_47,10.10.2022
563,100000084504_48,10.10.2022
564,100000084504_49,10.10.2022
565,100000084504_50,10.10.2022
566,100000084504_51,10.10.2022
567,100000084504_52,10.10.2022
568,100000084504_53,10.10.2022
569,100000084504_54,10.10.2022
570,100000084505_36,10.10.2022
571,100000084505_37,10.10.2022
572,100000084505_38,10.10.2022
573,100000084505_39,10.10.2022
574,100000084505_40,10.10.2022
575,100000084505_41,10.10.2022
576,100000084505_42,10.10.2022
577,100000084505_43,10.10.2022
578,100000084505_44,10.10.2022
579,100000084505_45,10.10.2022
580,100000084505_46,10.10.2022
581,100000084505_47,10.10.2022
582,100000084505_48,10.10.2022
583,100000084505_49,10.10.2022
584,100000084505_50,10.10.2022
585,100000084505_51,10.10.2022
586,100000084505_52,10.10.2022
587,100000084505_53,10.10.2022
588,100000084505_54,10.10.2022
589,100000084506_36,10.10.2022
590,100000084506_37,10.10.2022
591,100000084506_38,10.10.2022
592,100000084506_39,10.10.2022
593,100000084506_40,10.10.2022
594,100000084506_41,10.10.2022
595,100000084506_42,10.10.2022
596,100000084506_43,10.10.2022
597,100000084506_44,10.10.2022
598,100000084506_45,10.10.2022
599,100000084506_46,10.10.2022
600,100000084506_47,10.10.2022
601,100000084506_48,10.10.2022
602,100000084506_49,10.10.2022
603,100000084506_50,10.10.2022
604,100000084506_51,10.10.2022
605,100000084506_52,10.10.2022
606,100000084506_53,10.10.2022
607,100000084506_54,10.10.2022
608,100000084384_1,31.12.2022
609,100000084384_2,31.12.2022
610,100000084384_3,31.12.2022
611,100000084384_4,31.12.2022
612,100000084384_5,31.12.2022
613,100000084384_6,31.12.2022
614,100000084384_7,31.12.2022
615,100000084384_8,31.12.2022
616,100000084384_9,31.12.2022
617,100000084384_10,31.12.2022
618,100000084384_11,31.12.2022
619,100000084384_12,31.12.2022
620,100000084384_13,31.12.2022
621,100000084384_14,31.12.2022
622,100000084384_15,31.12.2022
623,100000084384_16,31.12.2022
624,100000084385_1,31.12.2022
625,100000084385_2,31.12.2022
626,100000084385_3,31.12.2022
627,100000084385_4,31.12.2022
628,100000084385_5,31.12.2022
629,100000084385_6,31.12.2022
630,100000084385_7,31.12.2022
631,100000084385_8,31.12.2022
632,100000084385_9,31.12.2022
633,100000084385_10,31.12.2022
634,100000084385_11,31.12.2022
635,100000084385_12,31.12.2022
636,100000084385_13,31.12.2022
637,100000084385_14,31.12.2022
638,100000084385_15,31.12.2022
639,100000084385_16,31.12.2022
640,100000084386_1,31.12.2022
641,100000084386_2,31.12.2022
642,100000084386_3,31.12.2022
643,100000084386_4,31.12.2022
644,100000084386_5,31.12.2022
645,100000084386_6,31.12.2022
646,100000084386_7,31.12.2022
647,100000084386_8,31.12.2022
648,100000084386_9,31.12.2022
649,100000084386_10,31.12.2022
650,100000084386_11,31.12.2022
651,100000084386_12,31.12.2022
652,100000084386_13,31.12.2022
653,100000084386_14,31.12.2022
654,100000084386_15,31.12.2022
655,100000084386_16,31.12.2022
656,100000084387_1,31.12.2022
657,100000084387_2,31.12.2022
658,100000084387_3,31.12.2022
659,100000084387_4,31.12.2022
660,100000084387_5,31.12.2022
661,100000084387_6,31.12.2022
662,100000084387_7,31.12.2022
663,100000084387_8,31.12.2022
664,100000084387_9,31.12.2022
665,100000084387_10,31.12.2022
666,100000084387_11,31.12.2022
667,100000084387_12,31.12.2022
668,100000084387_13,31.12.2022
669,100000084387_14,31.12.2022
670,100000084387_15,31.12.2022
671,100000084387_16,31.12.2022
672,100000084388_1,31.12.2022
673,100000084388_2,31.12.2022
674,100000084388_3,31.12.2022
675,100000084388_4,31.12.2022
676,100000084388_5,31.12.2022
677,100000084388_6,31.12.2022
678,100000084388_7,31.12.2022
679,100000084388_8,31.12.2022
680,100000084388_9,31.12.2022
681,100000084388_10,31.12.2022
682,100000084388_11,31.12.2022
683,100000084388_12,31.12.2022
684,100000084388_13,31.12.2022
685,100000084388_14,31.12.2022
686,100000084388_15,31.12.2022
687,100000084388_16,31.12.2022
688,100000084389_1,31.12.2022
689,100000084389_2,31.12.2022
690,100000084389_3,31.12.2022
691,100000084389_4,31.12.2022
692,100000084389_5,31.12.2022
693,100000084389_6,31.12.2022
694,100000084389_7,31.12.2022
695,100000084389_8,31.12.2022
696,100000084389_9,31.12.2022
697,100000084389_10,31.12.2022
698,100000084389_11,31.12.2022
699,100000084389_12,31.12.2022
700,100000084389_13,31.12.2022
701,100000084389_14,31.12.2022
702,100000084389_15,31.12.2022
703,100000084389_16,31.12.2022
704,100000084390_1,31.12.2022
705,100000084390_2,31.12.2022
706,100000084390_3,31.12.2022
707,100000084390_4,31.12.2022
708,100000084390_5,31.12.2022
709,100000084390_6,31.12.2022
710,100000084390_7,31.12.2022
711,100000084390_8,31.12.2022
712,100000084390_9,31.12.2022
713,100000084390_10,31.12.2022
714,100000084390_11,31.12.2022
715,100000084390_12,31.12.2022
716,100000084390_13,31.12.2022
717,100000084390_14,31.12.2022
718,100000084390_15,31.12.2022
719,100000084390_16,31.12.2022
720,100000084391_1,31.12.2022
721,100000084391_2,31.12.2022
722,100000084391_3,31.12.2022
723,100000084391_4,31.12.2022
724,100000084391_5,31.12.2022
725,100000084391_6,31.12.2022
726,100000084391_7,31.12.2022
727,100000084391_8,31.12.2022
728,100000084391_9,31.12.2022
729,100000084391_10,31.12.2022
730,100000084391_11,31.12.2022
731,100000084391_12,31.12.2022
732,100000084391_13,31.12.2022
733,100000084391_14,31.12.2022
734,100000084391_15,31.12.2022
735,100000084391_16,31.12.2022
736,100000084392_1,31.12.2022
737,100000084392_2,31.12.2022
738,100000084392_3,31.12.2022
739,100000084392_4,31.12.2022
740,100000084392_5,31.12.2022
741,100000084392_6,31.12.2022
742,100000084392_7,31.12.2022
743,100000084392_8,31.12.2022
744,100000084392_9,31.12.2022
745,100000084392_10,31.12.2022
746,100000084392_11,31.12.2022
747,100000084392_12,31.12.2022
748,100000084392_13,31.12.2022
749,100000084392_14,31.12.2022
750,100000084392_15,31.12.2022
751,100000084392_16,31.12.2022
752,100000084393_1,31.12.2022
753,100000084393_2,31.12.2022
754,100000084393_3,31.12.2022
755,100000084393_4,31.12.2022
756,100000084393_5,31.12.2022
757,100000084393_6,31.12.2022
758,100000084393_7,31.12.2022
759,100000084393_8,31.12.2022
760,100000084393_9,31.12.2022
761,100000084393_10,31.12.2022
762,100000084393_11,31.12.2022
763,100000084393_12,31.12.2022
764,100000084393_13,31.12.2022
765,100000084393_14,31.12.2022
766,100000084393_15,31.12.2022
767,100000084393_16,31.12.2022
768,100000084394_1,31.12.2022
769,100000084394_2,31.12.2022
770,100000084394_3,31.12.2022
771,100000084394_4,31.12.2022
772,100000084394_5,31.12.2022
773,100000084394_6,31.12.2022
774,100000084394_7,31.12.2022
775,100000084394_8,31.12.2022
776,100000084394_9,31.12.2022
777,100000084394_10,31.12.2022
778,100000084394_11,31.12.2022
779,100000084394_12,31.12.2022
780,100000084394_13,31.12.2022
781,100000084394_14,31.12.2022
782,100000084394_15,31.12.2022
783,100000084394_16,31.12.2022
784,100000084395_1,31.12.2022
785,100000084395_2,31.12.2022
786,100000084395_3,31.12.2022
787,100000084395_4,31.12.2022
788,100000084395_5,31.12.2022
789,100000084395_6,31.12.2022
790,100000084395_7,31.12.2022
791,100000084395_8,31.12.2022
792,100000084395_9,31.12.2022
793,100000084395_10,31.12.2022
794,100000084395_11,31.12.2022
795,100000084395_12,31.12.2022
796,100000084395_13,31.12.2022
797,100000084395_14,31.12.2022
798,100000084395_15,31.12.2022
799,100000084395_16,31.12.2022
