eo_maintanance_job_code,last_maintanance_date
100000028868_55,31.12.2022
100000028868_56,31.12.2022
100000028868_57,31.12.2022
100000028868_58,31.12.2022
100000028868_59,31.12.2022
100000028868_60,31.12.2022
100000028868_61,31.12.2022
100000028868_62,31.12.2022
100000028868_63,31.12.2022
100000028868_64,31.12.2022
100000028868_65,31.12.2022
100000028868_66,31.12.2022
100000084384_1,31.12.2022
100000084384_2,31.12.2022
100000084384_3,31.12.2022
100000084384_4,31.12.2022
100000084384_5,31.12.2022
100000084384_6,31.12.2022
100000084384_7,31.12.2022
100000084384_8,31.12.2022
100000084384_9,31.12.2022
100000084384_10,31.12.2022
100000084384_11,31.12.2022
100000084384_12,31.12.2022
100000084384_13,31.12.2022
100000084384_14,31.12.2022
100000084384_15,31.12.2022
100000084384_16,31.12.2022
100000084385_1,31.12.2022
100000084385_2,31.12.2022
100000084385_3,31.12.2022
100000084385_4,31.12.2022
100000084385_5,31.12.2022
100000084385_6,31.12.2022
100000084385_7,31.12.2022
100000084385_8,31.12.2022
100000084385_9,31.12.2022
100000084385_10,31.12.2022
100000084385_11,31.12.2022
100000084385_12,31.12.2022
100000084385_13,31.12.2022
100000084385_14,31.12.2022
100000084385_15,31.12.2022
100000084385_16,31.12.2022
100000084386_1,31.12.2022
100000084386_2,31.12.2022
100000084386_3,31.12.2022
100000084386_4,31.12.2022
100000084386_5,31.12.2022
100000084386_6,31.12.2022
100000084386_7,31.12.2022
100000084386_8,31.12.2022
100000084386_9,31.12.2022
100000084386_10,31.12.2022
100000084386_11,31.12.2022
100000084386_12,31.12.2022
100000084386_13,31.12.2022
100000084386_14,31.12.2022
100000084386_15,31.12.2022
100000084386_16,31.12.2022
100000084387_1,31.12.2022
100000084387_2,31.12.2022
100000084387_3,31.12.2022
100000084387_4,31.12.2022
100000084387_5,31.12.2022
100000084387_6,31.12.2022
100000084387_7,31.12.2022
100000084387_8,31.12.2022
100000084387_9,31.12.2022
100000084387_10,31.12.2022
100000084387_11,31.12.2022
100000084387_12,31.12.2022
100000084387_13,31.12.2022
100000084387_14,31.12.2022
100000084387_15,31.12.2022
100000084387_16,31.12.2022
100000084388_1,31.12.2022
100000084388_2,31.12.2022
100000084388_3,31.12.2022
100000084388_4,31.12.2022
100000084388_5,31.12.2022
100000084388_6,31.12.2022
100000084388_7,31.12.2022
100000084388_8,31.12.2022
100000084388_9,31.12.2022
100000084388_10,31.12.2022
100000084388_11,31.12.2022
100000084388_12,31.12.2022
100000084388_13,31.12.2022
100000084388_14,31.12.2022
100000084388_15,31.12.2022
100000084388_16,31.12.2022
100000084389_1,31.12.2022
100000084389_2,31.12.2022
100000084389_3,31.12.2022
100000084389_4,31.12.2022
100000084389_5,31.12.2022
100000084389_6,31.12.2022
100000084389_7,31.12.2022
100000084389_8,31.12.2022
100000084389_9,31.12.2022
100000084389_10,31.12.2022
100000084389_11,31.12.2022
100000084389_12,31.12.2022
100000084389_13,31.12.2022
100000084389_14,31.12.2022
100000084389_15,31.12.2022
100000084389_16,31.12.2022
100000084390_1,31.12.2022
100000084390_2,31.12.2022
100000084390_3,31.12.2022
100000084390_4,31.12.2022
100000084390_5,31.12.2022
100000084390_6,31.12.2022
100000084390_7,31.12.2022
100000084390_8,31.12.2022
100000084390_9,31.12.2022
100000084390_10,31.12.2022
100000084390_11,31.12.2022
100000084390_12,31.12.2022
100000084390_13,31.12.2022
100000084390_14,31.12.2022
100000084390_15,31.12.2022
100000084390_16,31.12.2022
100000084391_1,31.12.2022
100000084391_2,31.12.2022
100000084391_3,31.12.2022
100000084391_4,31.12.2022
100000084391_5,31.12.2022
100000084391_6,31.12.2022
100000084391_7,31.12.2022
100000084391_8,31.12.2022
100000084391_9,31.12.2022
100000084391_10,31.12.2022
100000084391_11,31.12.2022
100000084391_12,31.12.2022
100000084391_13,31.12.2022
100000084391_14,31.12.2022
100000084391_15,31.12.2022
100000084391_16,31.12.2022
100000084392_1,31.12.2022
100000084392_2,31.12.2022
100000084392_3,31.12.2022
100000084392_4,31.12.2022
100000084392_5,31.12.2022
100000084392_6,31.12.2022
100000084392_7,31.12.2022
100000084392_8,31.12.2022
100000084392_9,31.12.2022
100000084392_10,31.12.2022
100000084392_11,31.12.2022
100000084392_12,31.12.2022
100000084392_13,31.12.2022
100000084392_14,31.12.2022
100000084392_15,31.12.2022
100000084392_16,31.12.2022
100000084393_1,31.12.2022
100000084393_2,31.12.2022
100000084393_3,31.12.2022
100000084393_4,31.12.2022
100000084393_5,31.12.2022
100000084393_6,31.12.2022
100000084393_7,31.12.2022
100000084393_8,31.12.2022
100000084393_9,31.12.2022
100000084393_10,31.12.2022
100000084393_11,31.12.2022
100000084393_12,31.12.2022
100000084393_13,31.12.2022
100000084393_14,31.12.2022
100000084393_15,31.12.2022
100000084393_16,31.12.2022
100000084394_1,31.12.2022
100000084394_2,31.12.2022
100000084394_3,31.12.2022
100000084394_4,31.12.2022
100000084394_5,31.12.2022
100000084394_6,31.12.2022
100000084394_7,31.12.2022
100000084394_8,31.12.2022
100000084394_9,31.12.2022
100000084394_10,31.12.2022
100000084394_11,31.12.2022
100000084394_12,31.12.2022
100000084394_13,31.12.2022
100000084394_14,31.12.2022
100000084394_15,31.12.2022
100000084394_16,31.12.2022
100000084395_1,31.12.2022
100000084395_2,31.12.2022
100000084395_3,31.12.2022
100000084395_4,31.12.2022
100000084395_5,31.12.2022
100000084395_6,31.12.2022
100000084395_7,31.12.2022
100000084395_8,31.12.2022
100000084395_9,31.12.2022
100000084395_10,31.12.2022
100000084395_11,31.12.2022
100000084395_12,31.12.2022
100000084395_13,31.12.2022
100000084395_14,31.12.2022
100000084395_15,31.12.2022
100000084395_16,31.12.2022
