,Unnamed: 0_x,maintanance_job_code,eo_code,interval_motohours,"dowtime_plan, hours",maintanance_datetime,maintanance_date,maintanance_category_id,maintanance_name,maint_interval,pass_interval_list,go_interval_list,days_between_maintanance,next_maintanance_datetime,level_upper,year,month,month_year,Unnamed: 0_y,Название технического места,teh_mesto_month_year
0,1,100000028868_55,100000028868,24.0,0.66,2023-01-01 00:00:00,2023-01-01,eto,ЕТО,,,,,,11-RUD-CGTR-SEBT-C785,2023,1,1_2023,4240,Самосвалы CAT 785C,11-RUD-CGTR-SEBT-C785_1_2023
1,2,100000028868_55,100000028868,24.0,0.66,2023-01-02 00:00:00,2023-01-02,eto,ЕТО,,,,,,11-RUD-CGTR-SEBT-C785,2023,1,1_2023,4240,Самосвалы CAT 785C,11-RUD-CGTR-SEBT-C785_1_2023
2,3,100000028868_55,100000028868,24.0,0.66,2023-01-03 00:00:00,2023-01-03,eto,ЕТО,,,,,,11-RUD-CGTR-SEBT-C785,2023,1,1_2023,4240,Самосвалы CAT 785C,11-RUD-CGTR-SEBT-C785_1_2023
3,4,100000028868_55,100000028868,24.0,0.66,2023-01-04 00:00:00,2023-01-04,eto,ЕТО,,,,,,11-RUD-CGTR-SEBT-C785,2023,1,1_2023,4240,Самосвалы CAT 785C,11-RUD-CGTR-SEBT-C785_1_2023
4,5,100000028868_55,100000028868,24.0,0.66,2023-01-05 00:00:00,2023-01-05,eto,ЕТО,,,,,,11-RUD-CGTR-SEBT-C785,2023,1,1_2023,4240,Самосвалы CAT 785C,11-RUD-CGTR-SEBT-C785_1_2023
5,6,100000028868_55,100000028868,24.0,0.66,2023-01-06 00:00:00,2023-01-06,eto,ЕТО,,,,,,11-RUD-CGTR-SEBT-C785,2023,1,1_2023,4240,Самосвалы CAT 785C,11-RUD-CGTR-SEBT-C785_1_2023
6,7,100000028868_55,100000028868,24.0,0.66,2023-01-07 00:00:00,2023-01-07,eto,ЕТО,,,,,,11-RUD-CGTR-SEBT-C785,2023,1,1_2023,4240,Самосвалы CAT 785C,11-RUD-CGTR-SEBT-C785_1_2023
7,8,100000028868_55,100000028868,24.0,0.66,2023-01-08 00:00:00,2023-01-08,eto,ЕТО,,,,,,11-RUD-CGTR-SEBT-C785,2023,1,1_2023,4240,Самосвалы CAT 785C,11-RUD-CGTR-SEBT-C785_1_2023
8,9,100000028868_55,100000028868,24.0,0.66,2023-01-09 00:00:00,2023-01-09,eto,ЕТО,,,,,,11-RUD-CGTR-SEBT-C785,2023,1,1_2023,4240,Самосвалы CAT 785C,11-RUD-CGTR-SEBT-C785_1_2023
9,10,100000028868_55,100000028868,24.0,0.66,2023-01-10 00:00:00,2023-01-10,eto,ЕТО,,,,,,11-RUD-CGTR-SEBT-C785,2023,1,1_2023,4240,Самосвалы CAT 785C,11-RUD-CGTR-SEBT-C785_1_2023
10,11,100000028868_55,100000028868,24.0,0.66,2023-01-11 00:00:00,2023-01-11,eto,ЕТО,,,,,,11-RUD-CGTR-SEBT-C785,2023,1,1_2023,4240,Самосвалы CAT 785C,11-RUD-CGTR-SEBT-C785_1_2023
11,12,100000028868_55,100000028868,24.0,0.66,2023-01-12 00:00:00,2023-01-12,eto,ЕТО,,,,,,11-RUD-CGTR-SEBT-C785,2023,1,1_2023,4240,Самосвалы CAT 785C,11-RUD-CGTR-SEBT-C785_1_2023
12,13,100000028868_55,100000028868,24.0,0.66,2023-01-13 00:00:00,2023-01-13,eto,ЕТО,,,,,,11-RUD-CGTR-SEBT-C785,2023,1,1_2023,4240,Самосвалы CAT 785C,11-RUD-CGTR-SEBT-C785_1_2023
13,14,100000028868_55,100000028868,24.0,0.66,2023-01-14 00:00:00,2023-01-14,eto,ЕТО,,,,,,11-RUD-CGTR-SEBT-C785,2023,1,1_2023,4240,Самосвалы CAT 785C,11-RUD-CGTR-SEBT-C785_1_2023
14,15,100000028868_55,100000028868,24.0,0.66,2023-01-15 00:00:00,2023-01-15,eto,ЕТО,,,,,,11-RUD-CGTR-SEBT-C785,2023,1,1_2023,4240,Самосвалы CAT 785C,11-RUD-CGTR-SEBT-C785_1_2023
15,16,100000028868_55,100000028868,24.0,0.66,2023-01-16 00:00:00,2023-01-16,eto,ЕТО,,,,,,11-RUD-CGTR-SEBT-C785,2023,1,1_2023,4240,Самосвалы CAT 785C,11-RUD-CGTR-SEBT-C785_1_2023
16,17,100000028868_55,100000028868,24.0,0.66,2023-01-17 00:00:00,2023-01-17,eto,ЕТО,,,,,,11-RUD-CGTR-SEBT-C785,2023,1,1_2023,4240,Самосвалы CAT 785C,11-RUD-CGTR-SEBT-C785_1_2023
17,18,100000028868_55,100000028868,24.0,0.66,2023-01-18 00:00:00,2023-01-18,eto,ЕТО,,,,,,11-RUD-CGTR-SEBT-C785,2023,1,1_2023,4240,Самосвалы CAT 785C,11-RUD-CGTR-SEBT-C785_1_2023
18,19,100000028868_55,100000028868,24.0,0.66,2023-01-19 00:00:00,2023-01-19,eto,ЕТО,,,,,,11-RUD-CGTR-SEBT-C785,2023,1,1_2023,4240,Самосвалы CAT 785C,11-RUD-CGTR-SEBT-C785_1_2023
19,20,100000028868_55,100000028868,24.0,0.66,2023-01-20 00:00:00,2023-01-20,eto,ЕТО,,,,,,11-RUD-CGTR-SEBT-C785,2023,1,1_2023,4240,Самосвалы CAT 785C,11-RUD-CGTR-SEBT-C785_1_2023
20,21,100000028868_55,100000028868,24.0,0.66,2023-01-21 00:00:00,2023-01-21,eto,ЕТО,,,,,,11-RUD-CGTR-SEBT-C785,2023,1,1_2023,4240,Самосвалы CAT 785C,11-RUD-CGTR-SEBT-C785_1_2023
21,22,100000028868_55,100000028868,24.0,0.66,2023-01-22 00:00:00,2023-01-22,eto,ЕТО,,,,,,11-RUD-CGTR-SEBT-C785,2023,1,1_2023,4240,Самосвалы CAT 785C,11-RUD-CGTR-SEBT-C785_1_2023
22,23,100000028868_55,100000028868,24.0,0.66,2023-01-23 00:00:00,2023-01-23,eto,ЕТО,,,,,,11-RUD-CGTR-SEBT-C785,2023,1,1_2023,4240,Самосвалы CAT 785C,11-RUD-CGTR-SEBT-C785_1_2023
23,24,100000028868_55,100000028868,24.0,0.66,2023-01-24 00:00:00,2023-01-24,eto,ЕТО,,,,,,11-RUD-CGTR-SEBT-C785,2023,1,1_2023,4240,Самосвалы CAT 785C,11-RUD-CGTR-SEBT-C785_1_2023
24,25,100000028868_55,100000028868,24.0,0.66,2023-01-25 00:00:00,2023-01-25,eto,ЕТО,,,,,,11-RUD-CGTR-SEBT-C785,2023,1,1_2023,4240,Самосвалы CAT 785C,11-RUD-CGTR-SEBT-C785_1_2023
25,26,100000028868_55,100000028868,24.0,0.66,2023-01-26 00:00:00,2023-01-26,eto,ЕТО,,,,,,11-RUD-CGTR-SEBT-C785,2023,1,1_2023,4240,Самосвалы CAT 785C,11-RUD-CGTR-SEBT-C785_1_2023
26,27,100000028868_55,100000028868,24.0,0.66,2023-01-27 00:00:00,2023-01-27,eto,ЕТО,,,,,,11-RUD-CGTR-SEBT-C785,2023,1,1_2023,4240,Самосвалы CAT 785C,11-RUD-CGTR-SEBT-C785_1_2023
27,28,100000028868_55,100000028868,24.0,0.66,2023-01-28 00:00:00,2023-01-28,eto,ЕТО,,,,,,11-RUD-CGTR-SEBT-C785,2023,1,1_2023,4240,Самосвалы CAT 785C,11-RUD-CGTR-SEBT-C785_1_2023
28,29,100000028868_55,100000028868,24.0,0.66,2023-01-29 00:00:00,2023-01-29,eto,ЕТО,,,,,,11-RUD-CGTR-SEBT-C785,2023,1,1_2023,4240,Самосвалы CAT 785C,11-RUD-CGTR-SEBT-C785_1_2023
29,30,100000028868_55,100000028868,24.0,0.66,2023-01-30 00:00:00,2023-01-30,eto,ЕТО,,,,,,11-RUD-CGTR-SEBT-C785,2023,1,1_2023,4240,Самосвалы CAT 785C,11-RUD-CGTR-SEBT-C785_1_2023
30,31,100000028868_55,100000028868,24.0,0.66,2023-01-31 00:00:00,2023-01-31,eto,ЕТО,,,,,,11-RUD-CGTR-SEBT-C785,2023,1,1_2023,4240,Самосвалы CAT 785C,11-RUD-CGTR-SEBT-C785_1_2023
31,32,100000028868_55,100000028868,24.0,0.66,2023-02-01 00:00:00,2023-02-01,eto,ЕТО,,,,,,11-RUD-CGTR-SEBT-C785,2023,2,2_2023,4240,Самосвалы CAT 785C,11-RUD-CGTR-SEBT-C785_2_2023
32,33,100000028868_55,100000028868,24.0,0.66,2023-02-02 00:00:00,2023-02-02,eto,ЕТО,,,,,,11-RUD-CGTR-SEBT-C785,2023,2,2_2023,4240,Самосвалы CAT 785C,11-RUD-CGTR-SEBT-C785_2_2023
33,34,100000028868_55,100000028868,24.0,0.66,2023-02-03 00:00:00,2023-02-03,eto,ЕТО,,,,,,11-RUD-CGTR-SEBT-C785,2023,2,2_2023,4240,Самосвалы CAT 785C,11-RUD-CGTR-SEBT-C785_2_2023
34,35,100000028868_55,100000028868,24.0,0.66,2023-02-04 00:00:00,2023-02-04,eto,ЕТО,,,,,,11-RUD-CGTR-SEBT-C785,2023,2,2_2023,4240,Самосвалы CAT 785C,11-RUD-CGTR-SEBT-C785_2_2023
35,36,100000028868_55,100000028868,24.0,0.66,2023-02-05 00:00:00,2023-02-05,eto,ЕТО,,,,,,11-RUD-CGTR-SEBT-C785,2023,2,2_2023,4240,Самосвалы CAT 785C,11-RUD-CGTR-SEBT-C785_2_2023
36,37,100000028868_55,100000028868,24.0,0.66,2023-02-06 00:00:00,2023-02-06,eto,ЕТО,,,,,,11-RUD-CGTR-SEBT-C785,2023,2,2_2023,4240,Самосвалы CAT 785C,11-RUD-CGTR-SEBT-C785_2_2023
37,38,100000028868_55,100000028868,24.0,0.66,2023-02-07 00:00:00,2023-02-07,eto,ЕТО,,,,,,11-RUD-CGTR-SEBT-C785,2023,2,2_2023,4240,Самосвалы CAT 785C,11-RUD-CGTR-SEBT-C785_2_2023
38,39,100000028868_55,100000028868,24.0,0.66,2023-02-08 00:00:00,2023-02-08,eto,ЕТО,,,,,,11-RUD-CGTR-SEBT-C785,2023,2,2_2023,4240,Самосвалы CAT 785C,11-RUD-CGTR-SEBT-C785_2_2023
39,40,100000028868_55,100000028868,24.0,0.66,2023-02-09 00:00:00,2023-02-09,eto,ЕТО,,,,,,11-RUD-CGTR-SEBT-C785,2023,2,2_2023,4240,Самосвалы CAT 785C,11-RUD-CGTR-SEBT-C785_2_2023
40,41,100000028868_55,100000028868,24.0,0.66,2023-02-10 00:00:00,2023-02-10,eto,ЕТО,,,,,,11-RUD-CGTR-SEBT-C785,2023,2,2_2023,4240,Самосвалы CAT 785C,11-RUD-CGTR-SEBT-C785_2_2023
41,42,100000028868_55,100000028868,24.0,0.66,2023-02-11 00:00:00,2023-02-11,eto,ЕТО,,,,,,11-RUD-CGTR-SEBT-C785,2023,2,2_2023,4240,Самосвалы CAT 785C,11-RUD-CGTR-SEBT-C785_2_2023
42,43,100000028868_55,100000028868,24.0,0.66,2023-02-12 00:00:00,2023-02-12,eto,ЕТО,,,,,,11-RUD-CGTR-SEBT-C785,2023,2,2_2023,4240,Самосвалы CAT 785C,11-RUD-CGTR-SEBT-C785_2_2023
43,44,100000028868_55,100000028868,24.0,0.66,2023-02-13 00:00:00,2023-02-13,eto,ЕТО,,,,,,11-RUD-CGTR-SEBT-C785,2023,2,2_2023,4240,Самосвалы CAT 785C,11-RUD-CGTR-SEBT-C785_2_2023
44,45,100000028868_55,100000028868,24.0,0.66,2023-02-14 00:00:00,2023-02-14,eto,ЕТО,,,,,,11-RUD-CGTR-SEBT-C785,2023,2,2_2023,4240,Самосвалы CAT 785C,11-RUD-CGTR-SEBT-C785_2_2023
45,46,100000028868_55,100000028868,24.0,0.66,2023-02-15 00:00:00,2023-02-15,eto,ЕТО,,,,,,11-RUD-CGTR-SEBT-C785,2023,2,2_2023,4240,Самосвалы CAT 785C,11-RUD-CGTR-SEBT-C785_2_2023
46,47,100000028868_55,100000028868,24.0,0.66,2023-02-16 00:00:00,2023-02-16,eto,ЕТО,,,,,,11-RUD-CGTR-SEBT-C785,2023,2,2_2023,4240,Самосвалы CAT 785C,11-RUD-CGTR-SEBT-C785_2_2023
47,48,100000028868_55,100000028868,24.0,0.66,2023-02-17 00:00:00,2023-02-17,eto,ЕТО,,,,,,11-RUD-CGTR-SEBT-C785,2023,2,2_2023,4240,Самосвалы CAT 785C,11-RUD-CGTR-SEBT-C785_2_2023
48,49,100000028868_55,100000028868,24.0,0.66,2023-02-18 00:00:00,2023-02-18,eto,ЕТО,,,,,,11-RUD-CGTR-SEBT-C785,2023,2,2_2023,4240,Самосвалы CAT 785C,11-RUD-CGTR-SEBT-C785_2_2023
49,50,100000028868_55,100000028868,24.0,0.66,2023-02-19 00:00:00,2023-02-19,eto,ЕТО,,,,,,11-RUD-CGTR-SEBT-C785,2023,2,2_2023,4240,Самосвалы CAT 785C,11-RUD-CGTR-SEBT-C785_2_2023
50,51,100000028868_55,100000028868,24.0,0.66,2023-02-20 00:00:00,2023-02-20,eto,ЕТО,,,,,,11-RUD-CGTR-SEBT-C785,2023,2,2_2023,4240,Самосвалы CAT 785C,11-RUD-CGTR-SEBT-C785_2_2023
51,52,100000028868_55,100000028868,24.0,0.66,2023-02-21 00:00:00,2023-02-21,eto,ЕТО,,,,,,11-RUD-CGTR-SEBT-C785,2023,2,2_2023,4240,Самосвалы CAT 785C,11-RUD-CGTR-SEBT-C785_2_2023
52,53,100000028868_55,100000028868,24.0,0.66,2023-02-22 00:00:00,2023-02-22,eto,ЕТО,,,,,,11-RUD-CGTR-SEBT-C785,2023,2,2_2023,4240,Самосвалы CAT 785C,11-RUD-CGTR-SEBT-C785_2_2023
53,54,100000028868_55,100000028868,24.0,0.66,2023-02-23 00:00:00,2023-02-23,eto,ЕТО,,,,,,11-RUD-CGTR-SEBT-C785,2023,2,2_2023,4240,Самосвалы CAT 785C,11-RUD-CGTR-SEBT-C785_2_2023
54,55,100000028868_55,100000028868,24.0,0.66,2023-02-24 00:00:00,2023-02-24,eto,ЕТО,,,,,,11-RUD-CGTR-SEBT-C785,2023,2,2_2023,4240,Самосвалы CAT 785C,11-RUD-CGTR-SEBT-C785_2_2023
55,56,100000028868_55,100000028868,24.0,0.66,2023-02-25 00:00:00,2023-02-25,eto,ЕТО,,,,,,11-RUD-CGTR-SEBT-C785,2023,2,2_2023,4240,Самосвалы CAT 785C,11-RUD-CGTR-SEBT-C785_2_2023
56,57,100000028868_55,100000028868,24.0,0.66,2023-02-26 00:00:00,2023-02-26,eto,ЕТО,,,,,,11-RUD-CGTR-SEBT-C785,2023,2,2_2023,4240,Самосвалы CAT 785C,11-RUD-CGTR-SEBT-C785_2_2023
57,58,100000028868_55,100000028868,24.0,0.66,2023-02-27 00:00:00,2023-02-27,eto,ЕТО,,,,,,11-RUD-CGTR-SEBT-C785,2023,2,2_2023,4240,Самосвалы CAT 785C,11-RUD-CGTR-SEBT-C785_2_2023
58,59,100000028868_55,100000028868,24.0,0.66,2023-02-28 00:00:00,2023-02-28,eto,ЕТО,,,,,,11-RUD-CGTR-SEBT-C785,2023,2,2_2023,4240,Самосвалы CAT 785C,11-RUD-CGTR-SEBT-C785_2_2023
59,60,100000028868_55,100000028868,24.0,0.66,2023-03-01 00:00:00,2023-03-01,eto,ЕТО,,,,,,11-RUD-CGTR-SEBT-C785,2023,3,3_2023,4240,Самосвалы CAT 785C,11-RUD-CGTR-SEBT-C785_3_2023
60,61,100000028868_55,100000028868,24.0,0.66,2023-03-02 00:00:00,2023-03-02,eto,ЕТО,,,,,,11-RUD-CGTR-SEBT-C785,2023,3,3_2023,4240,Самосвалы CAT 785C,11-RUD-CGTR-SEBT-C785_3_2023
61,62,100000028868_55,100000028868,24.0,0.66,2023-03-03 00:00:00,2023-03-03,eto,ЕТО,,,,,,11-RUD-CGTR-SEBT-C785,2023,3,3_2023,4240,Самосвалы CAT 785C,11-RUD-CGTR-SEBT-C785_3_2023
62,63,100000028868_55,100000028868,24.0,0.66,2023-03-04 00:00:00,2023-03-04,eto,ЕТО,,,,,,11-RUD-CGTR-SEBT-C785,2023,3,3_2023,4240,Самосвалы CAT 785C,11-RUD-CGTR-SEBT-C785_3_2023
63,64,100000028868_55,100000028868,24.0,0.66,2023-03-05 00:00:00,2023-03-05,eto,ЕТО,,,,,,11-RUD-CGTR-SEBT-C785,2023,3,3_2023,4240,Самосвалы CAT 785C,11-RUD-CGTR-SEBT-C785_3_2023
64,65,100000028868_55,100000028868,24.0,0.66,2023-03-06 00:00:00,2023-03-06,eto,ЕТО,,,,,,11-RUD-CGTR-SEBT-C785,2023,3,3_2023,4240,Самосвалы CAT 785C,11-RUD-CGTR-SEBT-C785_3_2023
65,66,100000028868_55,100000028868,24.0,0.66,2023-03-07 00:00:00,2023-03-07,eto,ЕТО,,,,,,11-RUD-CGTR-SEBT-C785,2023,3,3_2023,4240,Самосвалы CAT 785C,11-RUD-CGTR-SEBT-C785_3_2023
66,67,100000028868_55,100000028868,24.0,0.66,2023-03-08 00:00:00,2023-03-08,eto,ЕТО,,,,,,11-RUD-CGTR-SEBT-C785,2023,3,3_2023,4240,Самосвалы CAT 785C,11-RUD-CGTR-SEBT-C785_3_2023
67,68,100000028868_55,100000028868,24.0,0.66,2023-03-09 00:00:00,2023-03-09,eto,ЕТО,,,,,,11-RUD-CGTR-SEBT-C785,2023,3,3_2023,4240,Самосвалы CAT 785C,11-RUD-CGTR-SEBT-C785_3_2023
68,69,100000028868_55,100000028868,24.0,0.66,2023-03-10 00:00:00,2023-03-10,eto,ЕТО,,,,,,11-RUD-CGTR-SEBT-C785,2023,3,3_2023,4240,Самосвалы CAT 785C,11-RUD-CGTR-SEBT-C785_3_2023
69,70,100000028868_55,100000028868,24.0,0.66,2023-03-11 00:00:00,2023-03-11,eto,ЕТО,,,,,,11-RUD-CGTR-SEBT-C785,2023,3,3_2023,4240,Самосвалы CAT 785C,11-RUD-CGTR-SEBT-C785_3_2023
70,71,100000028868_55,100000028868,24.0,0.66,2023-03-12 00:00:00,2023-03-12,eto,ЕТО,,,,,,11-RUD-CGTR-SEBT-C785,2023,3,3_2023,4240,Самосвалы CAT 785C,11-RUD-CGTR-SEBT-C785_3_2023
71,72,100000028868_55,100000028868,24.0,0.66,2023-03-13 00:00:00,2023-03-13,eto,ЕТО,,,,,,11-RUD-CGTR-SEBT-C785,2023,3,3_2023,4240,Самосвалы CAT 785C,11-RUD-CGTR-SEBT-C785_3_2023
72,73,100000028868_55,100000028868,24.0,0.66,2023-03-14 00:00:00,2023-03-14,eto,ЕТО,,,,,,11-RUD-CGTR-SEBT-C785,2023,3,3_2023,4240,Самосвалы CAT 785C,11-RUD-CGTR-SEBT-C785_3_2023
73,74,100000028868_55,100000028868,24.0,0.66,2023-03-15 00:00:00,2023-03-15,eto,ЕТО,,,,,,11-RUD-CGTR-SEBT-C785,2023,3,3_2023,4240,Самосвалы CAT 785C,11-RUD-CGTR-SEBT-C785_3_2023
74,75,100000028868_55,100000028868,24.0,0.66,2023-03-16 00:00:00,2023-03-16,eto,ЕТО,,,,,,11-RUD-CGTR-SEBT-C785,2023,3,3_2023,4240,Самосвалы CAT 785C,11-RUD-CGTR-SEBT-C785_3_2023
75,76,100000028868_55,100000028868,24.0,0.66,2023-03-17 00:00:00,2023-03-17,eto,ЕТО,,,,,,11-RUD-CGTR-SEBT-C785,2023,3,3_2023,4240,Самосвалы CAT 785C,11-RUD-CGTR-SEBT-C785_3_2023
76,77,100000028868_55,100000028868,24.0,0.66,2023-03-18 00:00:00,2023-03-18,eto,ЕТО,,,,,,11-RUD-CGTR-SEBT-C785,2023,3,3_2023,4240,Самосвалы CAT 785C,11-RUD-CGTR-SEBT-C785_3_2023
77,78,100000028868_55,100000028868,24.0,0.66,2023-03-19 00:00:00,2023-03-19,eto,ЕТО,,,,,,11-RUD-CGTR-SEBT-C785,2023,3,3_2023,4240,Самосвалы CAT 785C,11-RUD-CGTR-SEBT-C785_3_2023
78,79,100000028868_55,100000028868,24.0,0.66,2023-03-20 00:00:00,2023-03-20,eto,ЕТО,,,,,,11-RUD-CGTR-SEBT-C785,2023,3,3_2023,4240,Самосвалы CAT 785C,11-RUD-CGTR-SEBT-C785_3_2023
79,80,100000028868_55,100000028868,24.0,0.66,2023-03-21 00:00:00,2023-03-21,eto,ЕТО,,,,,,11-RUD-CGTR-SEBT-C785,2023,3,3_2023,4240,Самосвалы CAT 785C,11-RUD-CGTR-SEBT-C785_3_2023
80,81,100000028868_55,100000028868,24.0,0.66,2023-03-22 00:00:00,2023-03-22,eto,ЕТО,,,,,,11-RUD-CGTR-SEBT-C785,2023,3,3_2023,4240,Самосвалы CAT 785C,11-RUD-CGTR-SEBT-C785_3_2023
81,82,100000028868_55,100000028868,24.0,0.66,2023-03-23 00:00:00,2023-03-23,eto,ЕТО,,,,,,11-RUD-CGTR-SEBT-C785,2023,3,3_2023,4240,Самосвалы CAT 785C,11-RUD-CGTR-SEBT-C785_3_2023
82,83,100000028868_55,100000028868,24.0,0.66,2023-03-24 00:00:00,2023-03-24,eto,ЕТО,,,,,,11-RUD-CGTR-SEBT-C785,2023,3,3_2023,4240,Самосвалы CAT 785C,11-RUD-CGTR-SEBT-C785_3_2023
83,84,100000028868_55,100000028868,24.0,0.66,2023-03-25 00:00:00,2023-03-25,eto,ЕТО,,,,,,11-RUD-CGTR-SEBT-C785,2023,3,3_2023,4240,Самосвалы CAT 785C,11-RUD-CGTR-SEBT-C785_3_2023
84,85,100000028868_55,100000028868,24.0,0.66,2023-03-26 00:00:00,2023-03-26,eto,ЕТО,,,,,,11-RUD-CGTR-SEBT-C785,2023,3,3_2023,4240,Самосвалы CAT 785C,11-RUD-CGTR-SEBT-C785_3_2023
85,86,100000028868_55,100000028868,24.0,0.66,2023-03-27 00:00:00,2023-03-27,eto,ЕТО,,,,,,11-RUD-CGTR-SEBT-C785,2023,3,3_2023,4240,Самосвалы CAT 785C,11-RUD-CGTR-SEBT-C785_3_2023
86,87,100000028868_55,100000028868,24.0,0.66,2023-03-28 00:00:00,2023-03-28,eto,ЕТО,,,,,,11-RUD-CGTR-SEBT-C785,2023,3,3_2023,4240,Самосвалы CAT 785C,11-RUD-CGTR-SEBT-C785_3_2023
87,88,100000028868_55,100000028868,24.0,0.66,2023-03-29 00:00:00,2023-03-29,eto,ЕТО,,,,,,11-RUD-CGTR-SEBT-C785,2023,3,3_2023,4240,Самосвалы CAT 785C,11-RUD-CGTR-SEBT-C785_3_2023
88,89,100000028868_55,100000028868,24.0,0.66,2023-03-30 00:00:00,2023-03-30,eto,ЕТО,,,,,,11-RUD-CGTR-SEBT-C785,2023,3,3_2023,4240,Самосвалы CAT 785C,11-RUD-CGTR-SEBT-C785_3_2023
89,90,100000028868_55,100000028868,24.0,0.66,2023-03-31 00:00:00,2023-03-31,eto,ЕТО,,,,,,11-RUD-CGTR-SEBT-C785,2023,3,3_2023,4240,Самосвалы CAT 785C,11-RUD-CGTR-SEBT-C785_3_2023
90,91,100000028868_55,100000028868,24.0,0.66,2023-04-01 00:00:00,2023-04-01,eto,ЕТО,,,,,,11-RUD-CGTR-SEBT-C785,2023,4,4_2023,4240,Самосвалы CAT 785C,11-RUD-CGTR-SEBT-C785_4_2023
91,92,100000028868_55,100000028868,24.0,0.66,2023-04-02 00:00:00,2023-04-02,eto,ЕТО,,,,,,11-RUD-CGTR-SEBT-C785,2023,4,4_2023,4240,Самосвалы CAT 785C,11-RUD-CGTR-SEBT-C785_4_2023
92,93,100000028868_55,100000028868,24.0,0.66,2023-04-03 00:00:00,2023-04-03,eto,ЕТО,,,,,,11-RUD-CGTR-SEBT-C785,2023,4,4_2023,4240,Самосвалы CAT 785C,11-RUD-CGTR-SEBT-C785_4_2023
93,94,100000028868_55,100000028868,24.0,0.66,2023-04-04 00:00:00,2023-04-04,eto,ЕТО,,,,,,11-RUD-CGTR-SEBT-C785,2023,4,4_2023,4240,Самосвалы CAT 785C,11-RUD-CGTR-SEBT-C785_4_2023
94,95,100000028868_55,100000028868,24.0,0.66,2023-04-05 00:00:00,2023-04-05,eto,ЕТО,,,,,,11-RUD-CGTR-SEBT-C785,2023,4,4_2023,4240,Самосвалы CAT 785C,11-RUD-CGTR-SEBT-C785_4_2023
95,96,100000028868_55,100000028868,24.0,0.66,2023-04-06 00:00:00,2023-04-06,eto,ЕТО,,,,,,11-RUD-CGTR-SEBT-C785,2023,4,4_2023,4240,Самосвалы CAT 785C,11-RUD-CGTR-SEBT-C785_4_2023
96,97,100000028868_55,100000028868,24.0,0.66,2023-04-07 00:00:00,2023-04-07,eto,ЕТО,,,,,,11-RUD-CGTR-SEBT-C785,2023,4,4_2023,4240,Самосвалы CAT 785C,11-RUD-CGTR-SEBT-C785_4_2023
97,98,100000028868_55,100000028868,24.0,0.66,2023-04-08 00:00:00,2023-04-08,eto,ЕТО,,,,,,11-RUD-CGTR-SEBT-C785,2023,4,4_2023,4240,Самосвалы CAT 785C,11-RUD-CGTR-SEBT-C785_4_2023
98,99,100000028868_55,100000028868,24.0,0.66,2023-04-09 00:00:00,2023-04-09,eto,ЕТО,,,,,,11-RUD-CGTR-SEBT-C785,2023,4,4_2023,4240,Самосвалы CAT 785C,11-RUD-CGTR-SEBT-C785_4_2023
99,100,100000028868_55,100000028868,24.0,0.66,2023-04-10 00:00:00,2023-04-10,eto,ЕТО,,,,,,11-RUD-CGTR-SEBT-C785,2023,4,4_2023,4240,Самосвалы CAT 785C,11-RUD-CGTR-SEBT-C785_4_2023
100,101,100000028868_55,100000028868,24.0,0.66,2023-04-11 00:00:00,2023-04-11,eto,ЕТО,,,,,,11-RUD-CGTR-SEBT-C785,2023,4,4_2023,4240,Самосвалы CAT 785C,11-RUD-CGTR-SEBT-C785_4_2023
101,102,100000028868_55,100000028868,24.0,0.66,2023-04-12 00:00:00,2023-04-12,eto,ЕТО,,,,,,11-RUD-CGTR-SEBT-C785,2023,4,4_2023,4240,Самосвалы CAT 785C,11-RUD-CGTR-SEBT-C785_4_2023
102,103,100000028868_55,100000028868,24.0,0.66,2023-04-13 00:00:00,2023-04-13,eto,ЕТО,,,,,,11-RUD-CGTR-SEBT-C785,2023,4,4_2023,4240,Самосвалы CAT 785C,11-RUD-CGTR-SEBT-C785_4_2023
103,104,100000028868_55,100000028868,24.0,0.66,2023-04-14 00:00:00,2023-04-14,eto,ЕТО,,,,,,11-RUD-CGTR-SEBT-C785,2023,4,4_2023,4240,Самосвалы CAT 785C,11-RUD-CGTR-SEBT-C785_4_2023
104,105,100000028868_55,100000028868,24.0,0.66,2023-04-15 00:00:00,2023-04-15,eto,ЕТО,,,,,,11-RUD-CGTR-SEBT-C785,2023,4,4_2023,4240,Самосвалы CAT 785C,11-RUD-CGTR-SEBT-C785_4_2023
105,106,100000028868_55,100000028868,24.0,0.66,2023-04-16 00:00:00,2023-04-16,eto,ЕТО,,,,,,11-RUD-CGTR-SEBT-C785,2023,4,4_2023,4240,Самосвалы CAT 785C,11-RUD-CGTR-SEBT-C785_4_2023
106,107,100000028868_55,100000028868,24.0,0.66,2023-04-17 00:00:00,2023-04-17,eto,ЕТО,,,,,,11-RUD-CGTR-SEBT-C785,2023,4,4_2023,4240,Самосвалы CAT 785C,11-RUD-CGTR-SEBT-C785_4_2023
107,108,100000028868_55,100000028868,24.0,0.66,2023-04-18 00:00:00,2023-04-18,eto,ЕТО,,,,,,11-RUD-CGTR-SEBT-C785,2023,4,4_2023,4240,Самосвалы CAT 785C,11-RUD-CGTR-SEBT-C785_4_2023
108,109,100000028868_55,100000028868,24.0,0.66,2023-04-19 00:00:00,2023-04-19,eto,ЕТО,,,,,,11-RUD-CGTR-SEBT-C785,2023,4,4_2023,4240,Самосвалы CAT 785C,11-RUD-CGTR-SEBT-C785_4_2023
109,110,100000028868_55,100000028868,24.0,0.66,2023-04-20 00:00:00,2023-04-20,eto,ЕТО,,,,,,11-RUD-CGTR-SEBT-C785,2023,4,4_2023,4240,Самосвалы CAT 785C,11-RUD-CGTR-SEBT-C785_4_2023
110,111,100000028868_55,100000028868,24.0,0.66,2023-04-21 00:00:00,2023-04-21,eto,ЕТО,,,,,,11-RUD-CGTR-SEBT-C785,2023,4,4_2023,4240,Самосвалы CAT 785C,11-RUD-CGTR-SEBT-C785_4_2023
111,112,100000028868_55,100000028868,24.0,0.66,2023-04-22 00:00:00,2023-04-22,eto,ЕТО,,,,,,11-RUD-CGTR-SEBT-C785,2023,4,4_2023,4240,Самосвалы CAT 785C,11-RUD-CGTR-SEBT-C785_4_2023
112,113,100000028868_55,100000028868,24.0,0.66,2023-04-23 00:00:00,2023-04-23,eto,ЕТО,,,,,,11-RUD-CGTR-SEBT-C785,2023,4,4_2023,4240,Самосвалы CAT 785C,11-RUD-CGTR-SEBT-C785_4_2023
113,114,100000028868_55,100000028868,24.0,0.66,2023-04-24 00:00:00,2023-04-24,eto,ЕТО,,,,,,11-RUD-CGTR-SEBT-C785,2023,4,4_2023,4240,Самосвалы CAT 785C,11-RUD-CGTR-SEBT-C785_4_2023
114,115,100000028868_55,100000028868,24.0,0.66,2023-04-25 00:00:00,2023-04-25,eto,ЕТО,,,,,,11-RUD-CGTR-SEBT-C785,2023,4,4_2023,4240,Самосвалы CAT 785C,11-RUD-CGTR-SEBT-C785_4_2023
115,116,100000028868_55,100000028868,24.0,0.66,2023-04-26 00:00:00,2023-04-26,eto,ЕТО,,,,,,11-RUD-CGTR-SEBT-C785,2023,4,4_2023,4240,Самосвалы CAT 785C,11-RUD-CGTR-SEBT-C785_4_2023
116,117,100000028868_55,100000028868,24.0,0.66,2023-04-27 00:00:00,2023-04-27,eto,ЕТО,,,,,,11-RUD-CGTR-SEBT-C785,2023,4,4_2023,4240,Самосвалы CAT 785C,11-RUD-CGTR-SEBT-C785_4_2023
117,118,100000028868_55,100000028868,24.0,0.66,2023-04-28 00:00:00,2023-04-28,eto,ЕТО,,,,,,11-RUD-CGTR-SEBT-C785,2023,4,4_2023,4240,Самосвалы CAT 785C,11-RUD-CGTR-SEBT-C785_4_2023
118,119,100000028868_55,100000028868,24.0,0.66,2023-04-29 00:00:00,2023-04-29,eto,ЕТО,,,,,,11-RUD-CGTR-SEBT-C785,2023,4,4_2023,4240,Самосвалы CAT 785C,11-RUD-CGTR-SEBT-C785_4_2023
119,120,100000028868_55,100000028868,24.0,0.66,2023-04-30 00:00:00,2023-04-30,eto,ЕТО,,,,,,11-RUD-CGTR-SEBT-C785,2023,4,4_2023,4240,Самосвалы CAT 785C,11-RUD-CGTR-SEBT-C785_4_2023
120,121,100000028868_55,100000028868,24.0,0.66,2023-05-01 00:00:00,2023-05-01,eto,ЕТО,,,,,,11-RUD-CGTR-SEBT-C785,2023,5,5_2023,4240,Самосвалы CAT 785C,11-RUD-CGTR-SEBT-C785_5_2023
121,122,100000028868_55,100000028868,24.0,0.66,2023-05-02 00:00:00,2023-05-02,eto,ЕТО,,,,,,11-RUD-CGTR-SEBT-C785,2023,5,5_2023,4240,Самосвалы CAT 785C,11-RUD-CGTR-SEBT-C785_5_2023
122,123,100000028868_55,100000028868,24.0,0.66,2023-05-03 00:00:00,2023-05-03,eto,ЕТО,,,,,,11-RUD-CGTR-SEBT-C785,2023,5,5_2023,4240,Самосвалы CAT 785C,11-RUD-CGTR-SEBT-C785_5_2023
123,124,100000028868_55,100000028868,24.0,0.66,2023-05-04 00:00:00,2023-05-04,eto,ЕТО,,,,,,11-RUD-CGTR-SEBT-C785,2023,5,5_2023,4240,Самосвалы CAT 785C,11-RUD-CGTR-SEBT-C785_5_2023
124,125,100000028868_55,100000028868,24.0,0.66,2023-05-05 00:00:00,2023-05-05,eto,ЕТО,,,,,,11-RUD-CGTR-SEBT-C785,2023,5,5_2023,4240,Самосвалы CAT 785C,11-RUD-CGTR-SEBT-C785_5_2023
125,126,100000028868_55,100000028868,24.0,0.66,2023-05-06 00:00:00,2023-05-06,eto,ЕТО,,,,,,11-RUD-CGTR-SEBT-C785,2023,5,5_2023,4240,Самосвалы CAT 785C,11-RUD-CGTR-SEBT-C785_5_2023
126,127,100000028868_55,100000028868,24.0,0.66,2023-05-07 00:00:00,2023-05-07,eto,ЕТО,,,,,,11-RUD-CGTR-SEBT-C785,2023,5,5_2023,4240,Самосвалы CAT 785C,11-RUD-CGTR-SEBT-C785_5_2023
127,128,100000028868_55,100000028868,24.0,0.66,2023-05-08 00:00:00,2023-05-08,eto,ЕТО,,,,,,11-RUD-CGTR-SEBT-C785,2023,5,5_2023,4240,Самосвалы CAT 785C,11-RUD-CGTR-SEBT-C785_5_2023
128,129,100000028868_55,100000028868,24.0,0.66,2023-05-09 00:00:00,2023-05-09,eto,ЕТО,,,,,,11-RUD-CGTR-SEBT-C785,2023,5,5_2023,4240,Самосвалы CAT 785C,11-RUD-CGTR-SEBT-C785_5_2023
129,130,100000028868_55,100000028868,24.0,0.66,2023-05-10 00:00:00,2023-05-10,eto,ЕТО,,,,,,11-RUD-CGTR-SEBT-C785,2023,5,5_2023,4240,Самосвалы CAT 785C,11-RUD-CGTR-SEBT-C785_5_2023
130,131,100000028868_55,100000028868,24.0,0.66,2023-05-11 00:00:00,2023-05-11,eto,ЕТО,,,,,,11-RUD-CGTR-SEBT-C785,2023,5,5_2023,4240,Самосвалы CAT 785C,11-RUD-CGTR-SEBT-C785_5_2023
131,132,100000028868_55,100000028868,24.0,0.66,2023-05-12 00:00:00,2023-05-12,eto,ЕТО,,,,,,11-RUD-CGTR-SEBT-C785,2023,5,5_2023,4240,Самосвалы CAT 785C,11-RUD-CGTR-SEBT-C785_5_2023
132,133,100000028868_55,100000028868,24.0,0.66,2023-05-13 00:00:00,2023-05-13,eto,ЕТО,,,,,,11-RUD-CGTR-SEBT-C785,2023,5,5_2023,4240,Самосвалы CAT 785C,11-RUD-CGTR-SEBT-C785_5_2023
133,134,100000028868_55,100000028868,24.0,0.66,2023-05-14 00:00:00,2023-05-14,eto,ЕТО,,,,,,11-RUD-CGTR-SEBT-C785,2023,5,5_2023,4240,Самосвалы CAT 785C,11-RUD-CGTR-SEBT-C785_5_2023
134,135,100000028868_55,100000028868,24.0,0.66,2023-05-15 00:00:00,2023-05-15,eto,ЕТО,,,,,,11-RUD-CGTR-SEBT-C785,2023,5,5_2023,4240,Самосвалы CAT 785C,11-RUD-CGTR-SEBT-C785_5_2023
135,136,100000028868_55,100000028868,24.0,0.66,2023-05-16 00:00:00,2023-05-16,eto,ЕТО,,,,,,11-RUD-CGTR-SEBT-C785,2023,5,5_2023,4240,Самосвалы CAT 785C,11-RUD-CGTR-SEBT-C785_5_2023
136,137,100000028868_55,100000028868,24.0,0.66,2023-05-17 00:00:00,2023-05-17,eto,ЕТО,,,,,,11-RUD-CGTR-SEBT-C785,2023,5,5_2023,4240,Самосвалы CAT 785C,11-RUD-CGTR-SEBT-C785_5_2023
137,138,100000028868_55,100000028868,24.0,0.66,2023-05-18 00:00:00,2023-05-18,eto,ЕТО,,,,,,11-RUD-CGTR-SEBT-C785,2023,5,5_2023,4240,Самосвалы CAT 785C,11-RUD-CGTR-SEBT-C785_5_2023
138,139,100000028868_55,100000028868,24.0,0.66,2023-05-19 00:00:00,2023-05-19,eto,ЕТО,,,,,,11-RUD-CGTR-SEBT-C785,2023,5,5_2023,4240,Самосвалы CAT 785C,11-RUD-CGTR-SEBT-C785_5_2023
139,140,100000028868_55,100000028868,24.0,0.66,2023-05-20 00:00:00,2023-05-20,eto,ЕТО,,,,,,11-RUD-CGTR-SEBT-C785,2023,5,5_2023,4240,Самосвалы CAT 785C,11-RUD-CGTR-SEBT-C785_5_2023
140,141,100000028868_55,100000028868,24.0,0.66,2023-05-21 00:00:00,2023-05-21,eto,ЕТО,,,,,,11-RUD-CGTR-SEBT-C785,2023,5,5_2023,4240,Самосвалы CAT 785C,11-RUD-CGTR-SEBT-C785_5_2023
141,142,100000028868_55,100000028868,24.0,0.66,2023-05-22 00:00:00,2023-05-22,eto,ЕТО,,,,,,11-RUD-CGTR-SEBT-C785,2023,5,5_2023,4240,Самосвалы CAT 785C,11-RUD-CGTR-SEBT-C785_5_2023
142,143,100000028868_55,100000028868,24.0,0.66,2023-05-23 00:00:00,2023-05-23,eto,ЕТО,,,,,,11-RUD-CGTR-SEBT-C785,2023,5,5_2023,4240,Самосвалы CAT 785C,11-RUD-CGTR-SEBT-C785_5_2023
143,144,100000028868_55,100000028868,24.0,0.66,2023-05-24 00:00:00,2023-05-24,eto,ЕТО,,,,,,11-RUD-CGTR-SEBT-C785,2023,5,5_2023,4240,Самосвалы CAT 785C,11-RUD-CGTR-SEBT-C785_5_2023
144,145,100000028868_55,100000028868,24.0,0.66,2023-05-25 00:00:00,2023-05-25,eto,ЕТО,,,,,,11-RUD-CGTR-SEBT-C785,2023,5,5_2023,4240,Самосвалы CAT 785C,11-RUD-CGTR-SEBT-C785_5_2023
145,146,100000028868_55,100000028868,24.0,0.66,2023-05-26 00:00:00,2023-05-26,eto,ЕТО,,,,,,11-RUD-CGTR-SEBT-C785,2023,5,5_2023,4240,Самосвалы CAT 785C,11-RUD-CGTR-SEBT-C785_5_2023
146,147,100000028868_55,100000028868,24.0,0.66,2023-05-27 00:00:00,2023-05-27,eto,ЕТО,,,,,,11-RUD-CGTR-SEBT-C785,2023,5,5_2023,4240,Самосвалы CAT 785C,11-RUD-CGTR-SEBT-C785_5_2023
147,148,100000028868_55,100000028868,24.0,0.66,2023-05-28 00:00:00,2023-05-28,eto,ЕТО,,,,,,11-RUD-CGTR-SEBT-C785,2023,5,5_2023,4240,Самосвалы CAT 785C,11-RUD-CGTR-SEBT-C785_5_2023
148,149,100000028868_55,100000028868,24.0,0.66,2023-05-29 00:00:00,2023-05-29,eto,ЕТО,,,,,,11-RUD-CGTR-SEBT-C785,2023,5,5_2023,4240,Самосвалы CAT 785C,11-RUD-CGTR-SEBT-C785_5_2023
149,150,100000028868_55,100000028868,24.0,0.66,2023-05-30 00:00:00,2023-05-30,eto,ЕТО,,,,,,11-RUD-CGTR-SEBT-C785,2023,5,5_2023,4240,Самосвалы CAT 785C,11-RUD-CGTR-SEBT-C785_5_2023
150,151,100000028868_55,100000028868,24.0,0.66,2023-05-31 00:00:00,2023-05-31,eto,ЕТО,,,,,,11-RUD-CGTR-SEBT-C785,2023,5,5_2023,4240,Самосвалы CAT 785C,11-RUD-CGTR-SEBT-C785_5_2023
151,152,100000028868_55,100000028868,24.0,0.66,2023-06-01 00:00:00,2023-06-01,eto,ЕТО,,,,,,11-RUD-CGTR-SEBT-C785,2023,6,6_2023,4240,Самосвалы CAT 785C,11-RUD-CGTR-SEBT-C785_6_2023
152,153,100000028868_55,100000028868,24.0,0.66,2023-06-02 00:00:00,2023-06-02,eto,ЕТО,,,,,,11-RUD-CGTR-SEBT-C785,2023,6,6_2023,4240,Самосвалы CAT 785C,11-RUD-CGTR-SEBT-C785_6_2023
153,154,100000028868_55,100000028868,24.0,0.66,2023-06-03 00:00:00,2023-06-03,eto,ЕТО,,,,,,11-RUD-CGTR-SEBT-C785,2023,6,6_2023,4240,Самосвалы CAT 785C,11-RUD-CGTR-SEBT-C785_6_2023
154,155,100000028868_55,100000028868,24.0,0.66,2023-06-04 00:00:00,2023-06-04,eto,ЕТО,,,,,,11-RUD-CGTR-SEBT-C785,2023,6,6_2023,4240,Самосвалы CAT 785C,11-RUD-CGTR-SEBT-C785_6_2023
155,156,100000028868_55,100000028868,24.0,0.66,2023-06-05 00:00:00,2023-06-05,eto,ЕТО,,,,,,11-RUD-CGTR-SEBT-C785,2023,6,6_2023,4240,Самосвалы CAT 785C,11-RUD-CGTR-SEBT-C785_6_2023
156,157,100000028868_55,100000028868,24.0,0.66,2023-06-06 00:00:00,2023-06-06,eto,ЕТО,,,,,,11-RUD-CGTR-SEBT-C785,2023,6,6_2023,4240,Самосвалы CAT 785C,11-RUD-CGTR-SEBT-C785_6_2023
157,158,100000028868_55,100000028868,24.0,0.66,2023-06-07 00:00:00,2023-06-07,eto,ЕТО,,,,,,11-RUD-CGTR-SEBT-C785,2023,6,6_2023,4240,Самосвалы CAT 785C,11-RUD-CGTR-SEBT-C785_6_2023
158,159,100000028868_55,100000028868,24.0,0.66,2023-06-08 00:00:00,2023-06-08,eto,ЕТО,,,,,,11-RUD-CGTR-SEBT-C785,2023,6,6_2023,4240,Самосвалы CAT 785C,11-RUD-CGTR-SEBT-C785_6_2023
159,160,100000028868_55,100000028868,24.0,0.66,2023-06-09 00:00:00,2023-06-09,eto,ЕТО,,,,,,11-RUD-CGTR-SEBT-C785,2023,6,6_2023,4240,Самосвалы CAT 785C,11-RUD-CGTR-SEBT-C785_6_2023
160,161,100000028868_55,100000028868,24.0,0.66,2023-06-10 00:00:00,2023-06-10,eto,ЕТО,,,,,,11-RUD-CGTR-SEBT-C785,2023,6,6_2023,4240,Самосвалы CAT 785C,11-RUD-CGTR-SEBT-C785_6_2023
161,162,100000028868_55,100000028868,24.0,0.66,2023-06-11 00:00:00,2023-06-11,eto,ЕТО,,,,,,11-RUD-CGTR-SEBT-C785,2023,6,6_2023,4240,Самосвалы CAT 785C,11-RUD-CGTR-SEBT-C785_6_2023
162,163,100000028868_55,100000028868,24.0,0.66,2023-06-12 00:00:00,2023-06-12,eto,ЕТО,,,,,,11-RUD-CGTR-SEBT-C785,2023,6,6_2023,4240,Самосвалы CAT 785C,11-RUD-CGTR-SEBT-C785_6_2023
163,164,100000028868_55,100000028868,24.0,0.66,2023-06-13 00:00:00,2023-06-13,eto,ЕТО,,,,,,11-RUD-CGTR-SEBT-C785,2023,6,6_2023,4240,Самосвалы CAT 785C,11-RUD-CGTR-SEBT-C785_6_2023
164,165,100000028868_55,100000028868,24.0,0.66,2023-06-14 00:00:00,2023-06-14,eto,ЕТО,,,,,,11-RUD-CGTR-SEBT-C785,2023,6,6_2023,4240,Самосвалы CAT 785C,11-RUD-CGTR-SEBT-C785_6_2023
165,166,100000028868_55,100000028868,24.0,0.66,2023-06-15 00:00:00,2023-06-15,eto,ЕТО,,,,,,11-RUD-CGTR-SEBT-C785,2023,6,6_2023,4240,Самосвалы CAT 785C,11-RUD-CGTR-SEBT-C785_6_2023
166,167,100000028868_55,100000028868,24.0,0.66,2023-06-16 00:00:00,2023-06-16,eto,ЕТО,,,,,,11-RUD-CGTR-SEBT-C785,2023,6,6_2023,4240,Самосвалы CAT 785C,11-RUD-CGTR-SEBT-C785_6_2023
167,168,100000028868_55,100000028868,24.0,0.66,2023-06-17 00:00:00,2023-06-17,eto,ЕТО,,,,,,11-RUD-CGTR-SEBT-C785,2023,6,6_2023,4240,Самосвалы CAT 785C,11-RUD-CGTR-SEBT-C785_6_2023
168,169,100000028868_55,100000028868,24.0,0.66,2023-06-18 00:00:00,2023-06-18,eto,ЕТО,,,,,,11-RUD-CGTR-SEBT-C785,2023,6,6_2023,4240,Самосвалы CAT 785C,11-RUD-CGTR-SEBT-C785_6_2023
169,170,100000028868_55,100000028868,24.0,0.66,2023-06-19 00:00:00,2023-06-19,eto,ЕТО,,,,,,11-RUD-CGTR-SEBT-C785,2023,6,6_2023,4240,Самосвалы CAT 785C,11-RUD-CGTR-SEBT-C785_6_2023
170,171,100000028868_55,100000028868,24.0,0.66,2023-06-20 00:00:00,2023-06-20,eto,ЕТО,,,,,,11-RUD-CGTR-SEBT-C785,2023,6,6_2023,4240,Самосвалы CAT 785C,11-RUD-CGTR-SEBT-C785_6_2023
171,172,100000028868_55,100000028868,24.0,0.66,2023-06-21 00:00:00,2023-06-21,eto,ЕТО,,,,,,11-RUD-CGTR-SEBT-C785,2023,6,6_2023,4240,Самосвалы CAT 785C,11-RUD-CGTR-SEBT-C785_6_2023
172,173,100000028868_55,100000028868,24.0,0.66,2023-06-22 00:00:00,2023-06-22,eto,ЕТО,,,,,,11-RUD-CGTR-SEBT-C785,2023,6,6_2023,4240,Самосвалы CAT 785C,11-RUD-CGTR-SEBT-C785_6_2023
173,174,100000028868_55,100000028868,24.0,0.66,2023-06-23 00:00:00,2023-06-23,eto,ЕТО,,,,,,11-RUD-CGTR-SEBT-C785,2023,6,6_2023,4240,Самосвалы CAT 785C,11-RUD-CGTR-SEBT-C785_6_2023
174,175,100000028868_55,100000028868,24.0,0.66,2023-06-24 00:00:00,2023-06-24,eto,ЕТО,,,,,,11-RUD-CGTR-SEBT-C785,2023,6,6_2023,4240,Самосвалы CAT 785C,11-RUD-CGTR-SEBT-C785_6_2023
175,176,100000028868_55,100000028868,24.0,0.66,2023-06-25 00:00:00,2023-06-25,eto,ЕТО,,,,,,11-RUD-CGTR-SEBT-C785,2023,6,6_2023,4240,Самосвалы CAT 785C,11-RUD-CGTR-SEBT-C785_6_2023
176,177,100000028868_55,100000028868,24.0,0.66,2023-06-26 00:00:00,2023-06-26,eto,ЕТО,,,,,,11-RUD-CGTR-SEBT-C785,2023,6,6_2023,4240,Самосвалы CAT 785C,11-RUD-CGTR-SEBT-C785_6_2023
177,178,100000028868_55,100000028868,24.0,0.66,2023-06-27 00:00:00,2023-06-27,eto,ЕТО,,,,,,11-RUD-CGTR-SEBT-C785,2023,6,6_2023,4240,Самосвалы CAT 785C,11-RUD-CGTR-SEBT-C785_6_2023
178,179,100000028868_55,100000028868,24.0,0.66,2023-06-28 00:00:00,2023-06-28,eto,ЕТО,,,,,,11-RUD-CGTR-SEBT-C785,2023,6,6_2023,4240,Самосвалы CAT 785C,11-RUD-CGTR-SEBT-C785_6_2023
179,180,100000028868_55,100000028868,24.0,0.66,2023-06-29 00:00:00,2023-06-29,eto,ЕТО,,,,,,11-RUD-CGTR-SEBT-C785,2023,6,6_2023,4240,Самосвалы CAT 785C,11-RUD-CGTR-SEBT-C785_6_2023
180,181,100000028868_55,100000028868,24.0,0.66,2023-06-30 00:00:00,2023-06-30,eto,ЕТО,,,,,,11-RUD-CGTR-SEBT-C785,2023,6,6_2023,4240,Самосвалы CAT 785C,11-RUD-CGTR-SEBT-C785_6_2023
181,182,100000028868_55,100000028868,24.0,0.66,2023-07-01 00:00:00,2023-07-01,eto,ЕТО,,,,,,11-RUD-CGTR-SEBT-C785,2023,7,7_2023,4240,Самосвалы CAT 785C,11-RUD-CGTR-SEBT-C785_7_2023
182,183,100000028868_55,100000028868,24.0,0.66,2023-07-02 00:00:00,2023-07-02,eto,ЕТО,,,,,,11-RUD-CGTR-SEBT-C785,2023,7,7_2023,4240,Самосвалы CAT 785C,11-RUD-CGTR-SEBT-C785_7_2023
183,184,100000028868_55,100000028868,24.0,0.66,2023-07-03 00:00:00,2023-07-03,eto,ЕТО,,,,,,11-RUD-CGTR-SEBT-C785,2023,7,7_2023,4240,Самосвалы CAT 785C,11-RUD-CGTR-SEBT-C785_7_2023
184,185,100000028868_55,100000028868,24.0,0.66,2023-07-04 00:00:00,2023-07-04,eto,ЕТО,,,,,,11-RUD-CGTR-SEBT-C785,2023,7,7_2023,4240,Самосвалы CAT 785C,11-RUD-CGTR-SEBT-C785_7_2023
185,186,100000028868_55,100000028868,24.0,0.66,2023-07-05 00:00:00,2023-07-05,eto,ЕТО,,,,,,11-RUD-CGTR-SEBT-C785,2023,7,7_2023,4240,Самосвалы CAT 785C,11-RUD-CGTR-SEBT-C785_7_2023
186,187,100000028868_55,100000028868,24.0,0.66,2023-07-06 00:00:00,2023-07-06,eto,ЕТО,,,,,,11-RUD-CGTR-SEBT-C785,2023,7,7_2023,4240,Самосвалы CAT 785C,11-RUD-CGTR-SEBT-C785_7_2023
187,188,100000028868_55,100000028868,24.0,0.66,2023-07-07 00:00:00,2023-07-07,eto,ЕТО,,,,,,11-RUD-CGTR-SEBT-C785,2023,7,7_2023,4240,Самосвалы CAT 785C,11-RUD-CGTR-SEBT-C785_7_2023
188,189,100000028868_55,100000028868,24.0,0.66,2023-07-08 00:00:00,2023-07-08,eto,ЕТО,,,,,,11-RUD-CGTR-SEBT-C785,2023,7,7_2023,4240,Самосвалы CAT 785C,11-RUD-CGTR-SEBT-C785_7_2023
189,190,100000028868_55,100000028868,24.0,0.66,2023-07-09 00:00:00,2023-07-09,eto,ЕТО,,,,,,11-RUD-CGTR-SEBT-C785,2023,7,7_2023,4240,Самосвалы CAT 785C,11-RUD-CGTR-SEBT-C785_7_2023
190,191,100000028868_55,100000028868,24.0,0.66,2023-07-10 00:00:00,2023-07-10,eto,ЕТО,,,,,,11-RUD-CGTR-SEBT-C785,2023,7,7_2023,4240,Самосвалы CAT 785C,11-RUD-CGTR-SEBT-C785_7_2023
191,192,100000028868_55,100000028868,24.0,0.66,2023-07-11 00:00:00,2023-07-11,eto,ЕТО,,,,,,11-RUD-CGTR-SEBT-C785,2023,7,7_2023,4240,Самосвалы CAT 785C,11-RUD-CGTR-SEBT-C785_7_2023
192,193,100000028868_55,100000028868,24.0,0.66,2023-07-12 00:00:00,2023-07-12,eto,ЕТО,,,,,,11-RUD-CGTR-SEBT-C785,2023,7,7_2023,4240,Самосвалы CAT 785C,11-RUD-CGTR-SEBT-C785_7_2023
193,194,100000028868_55,100000028868,24.0,0.66,2023-07-13 00:00:00,2023-07-13,eto,ЕТО,,,,,,11-RUD-CGTR-SEBT-C785,2023,7,7_2023,4240,Самосвалы CAT 785C,11-RUD-CGTR-SEBT-C785_7_2023
194,195,100000028868_55,100000028868,24.0,0.66,2023-07-14 00:00:00,2023-07-14,eto,ЕТО,,,,,,11-RUD-CGTR-SEBT-C785,2023,7,7_2023,4240,Самосвалы CAT 785C,11-RUD-CGTR-SEBT-C785_7_2023
195,196,100000028868_55,100000028868,24.0,0.66,2023-07-15 00:00:00,2023-07-15,eto,ЕТО,,,,,,11-RUD-CGTR-SEBT-C785,2023,7,7_2023,4240,Самосвалы CAT 785C,11-RUD-CGTR-SEBT-C785_7_2023
196,197,100000028868_55,100000028868,24.0,0.66,2023-07-16 00:00:00,2023-07-16,eto,ЕТО,,,,,,11-RUD-CGTR-SEBT-C785,2023,7,7_2023,4240,Самосвалы CAT 785C,11-RUD-CGTR-SEBT-C785_7_2023
197,198,100000028868_55,100000028868,24.0,0.66,2023-07-17 00:00:00,2023-07-17,eto,ЕТО,,,,,,11-RUD-CGTR-SEBT-C785,2023,7,7_2023,4240,Самосвалы CAT 785C,11-RUD-CGTR-SEBT-C785_7_2023
198,199,100000028868_55,100000028868,24.0,0.66,2023-07-18 00:00:00,2023-07-18,eto,ЕТО,,,,,,11-RUD-CGTR-SEBT-C785,2023,7,7_2023,4240,Самосвалы CAT 785C,11-RUD-CGTR-SEBT-C785_7_2023
199,200,100000028868_55,100000028868,24.0,0.66,2023-07-19 00:00:00,2023-07-19,eto,ЕТО,,,,,,11-RUD-CGTR-SEBT-C785,2023,7,7_2023,4240,Самосвалы CAT 785C,11-RUD-CGTR-SEBT-C785_7_2023
200,201,100000028868_55,100000028868,24.0,0.66,2023-07-20 00:00:00,2023-07-20,eto,ЕТО,,,,,,11-RUD-CGTR-SEBT-C785,2023,7,7_2023,4240,Самосвалы CAT 785C,11-RUD-CGTR-SEBT-C785_7_2023
201,202,100000028868_55,100000028868,24.0,0.66,2023-07-21 00:00:00,2023-07-21,eto,ЕТО,,,,,,11-RUD-CGTR-SEBT-C785,2023,7,7_2023,4240,Самосвалы CAT 785C,11-RUD-CGTR-SEBT-C785_7_2023
202,203,100000028868_55,100000028868,24.0,0.66,2023-07-22 00:00:00,2023-07-22,eto,ЕТО,,,,,,11-RUD-CGTR-SEBT-C785,2023,7,7_2023,4240,Самосвалы CAT 785C,11-RUD-CGTR-SEBT-C785_7_2023
203,204,100000028868_55,100000028868,24.0,0.66,2023-07-23 00:00:00,2023-07-23,eto,ЕТО,,,,,,11-RUD-CGTR-SEBT-C785,2023,7,7_2023,4240,Самосвалы CAT 785C,11-RUD-CGTR-SEBT-C785_7_2023
204,205,100000028868_55,100000028868,24.0,0.66,2023-07-24 00:00:00,2023-07-24,eto,ЕТО,,,,,,11-RUD-CGTR-SEBT-C785,2023,7,7_2023,4240,Самосвалы CAT 785C,11-RUD-CGTR-SEBT-C785_7_2023
205,206,100000028868_55,100000028868,24.0,0.66,2023-07-25 00:00:00,2023-07-25,eto,ЕТО,,,,,,11-RUD-CGTR-SEBT-C785,2023,7,7_2023,4240,Самосвалы CAT 785C,11-RUD-CGTR-SEBT-C785_7_2023
206,207,100000028868_55,100000028868,24.0,0.66,2023-07-26 00:00:00,2023-07-26,eto,ЕТО,,,,,,11-RUD-CGTR-SEBT-C785,2023,7,7_2023,4240,Самосвалы CAT 785C,11-RUD-CGTR-SEBT-C785_7_2023
207,208,100000028868_55,100000028868,24.0,0.66,2023-07-27 00:00:00,2023-07-27,eto,ЕТО,,,,,,11-RUD-CGTR-SEBT-C785,2023,7,7_2023,4240,Самосвалы CAT 785C,11-RUD-CGTR-SEBT-C785_7_2023
208,209,100000028868_55,100000028868,24.0,0.66,2023-07-28 00:00:00,2023-07-28,eto,ЕТО,,,,,,11-RUD-CGTR-SEBT-C785,2023,7,7_2023,4240,Самосвалы CAT 785C,11-RUD-CGTR-SEBT-C785_7_2023
209,210,100000028868_55,100000028868,24.0,0.66,2023-07-29 00:00:00,2023-07-29,eto,ЕТО,,,,,,11-RUD-CGTR-SEBT-C785,2023,7,7_2023,4240,Самосвалы CAT 785C,11-RUD-CGTR-SEBT-C785_7_2023
210,211,100000028868_55,100000028868,24.0,0.66,2023-07-30 00:00:00,2023-07-30,eto,ЕТО,,,,,,11-RUD-CGTR-SEBT-C785,2023,7,7_2023,4240,Самосвалы CAT 785C,11-RUD-CGTR-SEBT-C785_7_2023
211,212,100000028868_55,100000028868,24.0,0.66,2023-07-31 00:00:00,2023-07-31,eto,ЕТО,,,,,,11-RUD-CGTR-SEBT-C785,2023,7,7_2023,4240,Самосвалы CAT 785C,11-RUD-CGTR-SEBT-C785_7_2023
212,213,100000028868_55,100000028868,24.0,0.66,2023-08-01 00:00:00,2023-08-01,eto,ЕТО,,,,,,11-RUD-CGTR-SEBT-C785,2023,8,8_2023,4240,Самосвалы CAT 785C,11-RUD-CGTR-SEBT-C785_8_2023
213,214,100000028868_55,100000028868,24.0,0.66,2023-08-02 00:00:00,2023-08-02,eto,ЕТО,,,,,,11-RUD-CGTR-SEBT-C785,2023,8,8_2023,4240,Самосвалы CAT 785C,11-RUD-CGTR-SEBT-C785_8_2023
214,215,100000028868_55,100000028868,24.0,0.66,2023-08-03 00:00:00,2023-08-03,eto,ЕТО,,,,,,11-RUD-CGTR-SEBT-C785,2023,8,8_2023,4240,Самосвалы CAT 785C,11-RUD-CGTR-SEBT-C785_8_2023
215,216,100000028868_55,100000028868,24.0,0.66,2023-08-04 00:00:00,2023-08-04,eto,ЕТО,,,,,,11-RUD-CGTR-SEBT-C785,2023,8,8_2023,4240,Самосвалы CAT 785C,11-RUD-CGTR-SEBT-C785_8_2023
216,217,100000028868_55,100000028868,24.0,0.66,2023-08-05 00:00:00,2023-08-05,eto,ЕТО,,,,,,11-RUD-CGTR-SEBT-C785,2023,8,8_2023,4240,Самосвалы CAT 785C,11-RUD-CGTR-SEBT-C785_8_2023
217,218,100000028868_55,100000028868,24.0,0.66,2023-08-06 00:00:00,2023-08-06,eto,ЕТО,,,,,,11-RUD-CGTR-SEBT-C785,2023,8,8_2023,4240,Самосвалы CAT 785C,11-RUD-CGTR-SEBT-C785_8_2023
218,219,100000028868_55,100000028868,24.0,0.66,2023-08-07 00:00:00,2023-08-07,eto,ЕТО,,,,,,11-RUD-CGTR-SEBT-C785,2023,8,8_2023,4240,Самосвалы CAT 785C,11-RUD-CGTR-SEBT-C785_8_2023
219,220,100000028868_55,100000028868,24.0,0.66,2023-08-08 00:00:00,2023-08-08,eto,ЕТО,,,,,,11-RUD-CGTR-SEBT-C785,2023,8,8_2023,4240,Самосвалы CAT 785C,11-RUD-CGTR-SEBT-C785_8_2023
220,221,100000028868_55,100000028868,24.0,0.66,2023-08-09 00:00:00,2023-08-09,eto,ЕТО,,,,,,11-RUD-CGTR-SEBT-C785,2023,8,8_2023,4240,Самосвалы CAT 785C,11-RUD-CGTR-SEBT-C785_8_2023
221,222,100000028868_55,100000028868,24.0,0.66,2023-08-10 00:00:00,2023-08-10,eto,ЕТО,,,,,,11-RUD-CGTR-SEBT-C785,2023,8,8_2023,4240,Самосвалы CAT 785C,11-RUD-CGTR-SEBT-C785_8_2023
222,223,100000028868_55,100000028868,24.0,0.66,2023-08-11 00:00:00,2023-08-11,eto,ЕТО,,,,,,11-RUD-CGTR-SEBT-C785,2023,8,8_2023,4240,Самосвалы CAT 785C,11-RUD-CGTR-SEBT-C785_8_2023
223,224,100000028868_55,100000028868,24.0,0.66,2023-08-12 00:00:00,2023-08-12,eto,ЕТО,,,,,,11-RUD-CGTR-SEBT-C785,2023,8,8_2023,4240,Самосвалы CAT 785C,11-RUD-CGTR-SEBT-C785_8_2023
224,225,100000028868_55,100000028868,24.0,0.66,2023-08-13 00:00:00,2023-08-13,eto,ЕТО,,,,,,11-RUD-CGTR-SEBT-C785,2023,8,8_2023,4240,Самосвалы CAT 785C,11-RUD-CGTR-SEBT-C785_8_2023
225,226,100000028868_55,100000028868,24.0,0.66,2023-08-14 00:00:00,2023-08-14,eto,ЕТО,,,,,,11-RUD-CGTR-SEBT-C785,2023,8,8_2023,4240,Самосвалы CAT 785C,11-RUD-CGTR-SEBT-C785_8_2023
226,227,100000028868_55,100000028868,24.0,0.66,2023-08-15 00:00:00,2023-08-15,eto,ЕТО,,,,,,11-RUD-CGTR-SEBT-C785,2023,8,8_2023,4240,Самосвалы CAT 785C,11-RUD-CGTR-SEBT-C785_8_2023
227,228,100000028868_55,100000028868,24.0,0.66,2023-08-16 00:00:00,2023-08-16,eto,ЕТО,,,,,,11-RUD-CGTR-SEBT-C785,2023,8,8_2023,4240,Самосвалы CAT 785C,11-RUD-CGTR-SEBT-C785_8_2023
228,229,100000028868_55,100000028868,24.0,0.66,2023-08-17 00:00:00,2023-08-17,eto,ЕТО,,,,,,11-RUD-CGTR-SEBT-C785,2023,8,8_2023,4240,Самосвалы CAT 785C,11-RUD-CGTR-SEBT-C785_8_2023
229,230,100000028868_55,100000028868,24.0,0.66,2023-08-18 00:00:00,2023-08-18,eto,ЕТО,,,,,,11-RUD-CGTR-SEBT-C785,2023,8,8_2023,4240,Самосвалы CAT 785C,11-RUD-CGTR-SEBT-C785_8_2023
230,231,100000028868_55,100000028868,24.0,0.66,2023-08-19 00:00:00,2023-08-19,eto,ЕТО,,,,,,11-RUD-CGTR-SEBT-C785,2023,8,8_2023,4240,Самосвалы CAT 785C,11-RUD-CGTR-SEBT-C785_8_2023
231,232,100000028868_55,100000028868,24.0,0.66,2023-08-20 00:00:00,2023-08-20,eto,ЕТО,,,,,,11-RUD-CGTR-SEBT-C785,2023,8,8_2023,4240,Самосвалы CAT 785C,11-RUD-CGTR-SEBT-C785_8_2023
232,233,100000028868_55,100000028868,24.0,0.66,2023-08-21 00:00:00,2023-08-21,eto,ЕТО,,,,,,11-RUD-CGTR-SEBT-C785,2023,8,8_2023,4240,Самосвалы CAT 785C,11-RUD-CGTR-SEBT-C785_8_2023
233,234,100000028868_55,100000028868,24.0,0.66,2023-08-22 00:00:00,2023-08-22,eto,ЕТО,,,,,,11-RUD-CGTR-SEBT-C785,2023,8,8_2023,4240,Самосвалы CAT 785C,11-RUD-CGTR-SEBT-C785_8_2023
234,235,100000028868_55,100000028868,24.0,0.66,2023-08-23 00:00:00,2023-08-23,eto,ЕТО,,,,,,11-RUD-CGTR-SEBT-C785,2023,8,8_2023,4240,Самосвалы CAT 785C,11-RUD-CGTR-SEBT-C785_8_2023
235,236,100000028868_55,100000028868,24.0,0.66,2023-08-24 00:00:00,2023-08-24,eto,ЕТО,,,,,,11-RUD-CGTR-SEBT-C785,2023,8,8_2023,4240,Самосвалы CAT 785C,11-RUD-CGTR-SEBT-C785_8_2023
236,237,100000028868_55,100000028868,24.0,0.66,2023-08-25 00:00:00,2023-08-25,eto,ЕТО,,,,,,11-RUD-CGTR-SEBT-C785,2023,8,8_2023,4240,Самосвалы CAT 785C,11-RUD-CGTR-SEBT-C785_8_2023
237,238,100000028868_55,100000028868,24.0,0.66,2023-08-26 00:00:00,2023-08-26,eto,ЕТО,,,,,,11-RUD-CGTR-SEBT-C785,2023,8,8_2023,4240,Самосвалы CAT 785C,11-RUD-CGTR-SEBT-C785_8_2023
238,239,100000028868_55,100000028868,24.0,0.66,2023-08-27 00:00:00,2023-08-27,eto,ЕТО,,,,,,11-RUD-CGTR-SEBT-C785,2023,8,8_2023,4240,Самосвалы CAT 785C,11-RUD-CGTR-SEBT-C785_8_2023
239,240,100000028868_55,100000028868,24.0,0.66,2023-08-28 00:00:00,2023-08-28,eto,ЕТО,,,,,,11-RUD-CGTR-SEBT-C785,2023,8,8_2023,4240,Самосвалы CAT 785C,11-RUD-CGTR-SEBT-C785_8_2023
240,241,100000028868_55,100000028868,24.0,0.66,2023-08-29 00:00:00,2023-08-29,eto,ЕТО,,,,,,11-RUD-CGTR-SEBT-C785,2023,8,8_2023,4240,Самосвалы CAT 785C,11-RUD-CGTR-SEBT-C785_8_2023
241,242,100000028868_55,100000028868,24.0,0.66,2023-08-30 00:00:00,2023-08-30,eto,ЕТО,,,,,,11-RUD-CGTR-SEBT-C785,2023,8,8_2023,4240,Самосвалы CAT 785C,11-RUD-CGTR-SEBT-C785_8_2023
242,243,100000028868_55,100000028868,24.0,0.66,2023-08-31 00:00:00,2023-08-31,eto,ЕТО,,,,,,11-RUD-CGTR-SEBT-C785,2023,8,8_2023,4240,Самосвалы CAT 785C,11-RUD-CGTR-SEBT-C785_8_2023
243,244,100000028868_55,100000028868,24.0,0.66,2023-09-01 00:00:00,2023-09-01,eto,ЕТО,,,,,,11-RUD-CGTR-SEBT-C785,2023,9,9_2023,4240,Самосвалы CAT 785C,11-RUD-CGTR-SEBT-C785_9_2023
244,245,100000028868_55,100000028868,24.0,0.66,2023-09-02 00:00:00,2023-09-02,eto,ЕТО,,,,,,11-RUD-CGTR-SEBT-C785,2023,9,9_2023,4240,Самосвалы CAT 785C,11-RUD-CGTR-SEBT-C785_9_2023
245,246,100000028868_55,100000028868,24.0,0.66,2023-09-03 00:00:00,2023-09-03,eto,ЕТО,,,,,,11-RUD-CGTR-SEBT-C785,2023,9,9_2023,4240,Самосвалы CAT 785C,11-RUD-CGTR-SEBT-C785_9_2023
246,247,100000028868_55,100000028868,24.0,0.66,2023-09-04 00:00:00,2023-09-04,eto,ЕТО,,,,,,11-RUD-CGTR-SEBT-C785,2023,9,9_2023,4240,Самосвалы CAT 785C,11-RUD-CGTR-SEBT-C785_9_2023
247,248,100000028868_55,100000028868,24.0,0.66,2023-09-05 00:00:00,2023-09-05,eto,ЕТО,,,,,,11-RUD-CGTR-SEBT-C785,2023,9,9_2023,4240,Самосвалы CAT 785C,11-RUD-CGTR-SEBT-C785_9_2023
248,249,100000028868_55,100000028868,24.0,0.66,2023-09-06 00:00:00,2023-09-06,eto,ЕТО,,,,,,11-RUD-CGTR-SEBT-C785,2023,9,9_2023,4240,Самосвалы CAT 785C,11-RUD-CGTR-SEBT-C785_9_2023
249,250,100000028868_55,100000028868,24.0,0.66,2023-09-07 00:00:00,2023-09-07,eto,ЕТО,,,,,,11-RUD-CGTR-SEBT-C785,2023,9,9_2023,4240,Самосвалы CAT 785C,11-RUD-CGTR-SEBT-C785_9_2023
250,251,100000028868_55,100000028868,24.0,0.66,2023-09-08 00:00:00,2023-09-08,eto,ЕТО,,,,,,11-RUD-CGTR-SEBT-C785,2023,9,9_2023,4240,Самосвалы CAT 785C,11-RUD-CGTR-SEBT-C785_9_2023
251,252,100000028868_55,100000028868,24.0,0.66,2023-09-09 00:00:00,2023-09-09,eto,ЕТО,,,,,,11-RUD-CGTR-SEBT-C785,2023,9,9_2023,4240,Самосвалы CAT 785C,11-RUD-CGTR-SEBT-C785_9_2023
252,253,100000028868_55,100000028868,24.0,0.66,2023-09-10 00:00:00,2023-09-10,eto,ЕТО,,,,,,11-RUD-CGTR-SEBT-C785,2023,9,9_2023,4240,Самосвалы CAT 785C,11-RUD-CGTR-SEBT-C785_9_2023
253,254,100000028868_55,100000028868,24.0,0.66,2023-09-11 00:00:00,2023-09-11,eto,ЕТО,,,,,,11-RUD-CGTR-SEBT-C785,2023,9,9_2023,4240,Самосвалы CAT 785C,11-RUD-CGTR-SEBT-C785_9_2023
254,255,100000028868_55,100000028868,24.0,0.66,2023-09-12 00:00:00,2023-09-12,eto,ЕТО,,,,,,11-RUD-CGTR-SEBT-C785,2023,9,9_2023,4240,Самосвалы CAT 785C,11-RUD-CGTR-SEBT-C785_9_2023
255,256,100000028868_55,100000028868,24.0,0.66,2023-09-13 00:00:00,2023-09-13,eto,ЕТО,,,,,,11-RUD-CGTR-SEBT-C785,2023,9,9_2023,4240,Самосвалы CAT 785C,11-RUD-CGTR-SEBT-C785_9_2023
256,257,100000028868_55,100000028868,24.0,0.66,2023-09-14 00:00:00,2023-09-14,eto,ЕТО,,,,,,11-RUD-CGTR-SEBT-C785,2023,9,9_2023,4240,Самосвалы CAT 785C,11-RUD-CGTR-SEBT-C785_9_2023
257,258,100000028868_55,100000028868,24.0,0.66,2023-09-15 00:00:00,2023-09-15,eto,ЕТО,,,,,,11-RUD-CGTR-SEBT-C785,2023,9,9_2023,4240,Самосвалы CAT 785C,11-RUD-CGTR-SEBT-C785_9_2023
258,259,100000028868_55,100000028868,24.0,0.66,2023-09-16 00:00:00,2023-09-16,eto,ЕТО,,,,,,11-RUD-CGTR-SEBT-C785,2023,9,9_2023,4240,Самосвалы CAT 785C,11-RUD-CGTR-SEBT-C785_9_2023
259,260,100000028868_55,100000028868,24.0,0.66,2023-09-17 00:00:00,2023-09-17,eto,ЕТО,,,,,,11-RUD-CGTR-SEBT-C785,2023,9,9_2023,4240,Самосвалы CAT 785C,11-RUD-CGTR-SEBT-C785_9_2023
260,261,100000028868_55,100000028868,24.0,0.66,2023-09-18 00:00:00,2023-09-18,eto,ЕТО,,,,,,11-RUD-CGTR-SEBT-C785,2023,9,9_2023,4240,Самосвалы CAT 785C,11-RUD-CGTR-SEBT-C785_9_2023
261,262,100000028868_55,100000028868,24.0,0.66,2023-09-19 00:00:00,2023-09-19,eto,ЕТО,,,,,,11-RUD-CGTR-SEBT-C785,2023,9,9_2023,4240,Самосвалы CAT 785C,11-RUD-CGTR-SEBT-C785_9_2023
262,263,100000028868_55,100000028868,24.0,0.66,2023-09-20 00:00:00,2023-09-20,eto,ЕТО,,,,,,11-RUD-CGTR-SEBT-C785,2023,9,9_2023,4240,Самосвалы CAT 785C,11-RUD-CGTR-SEBT-C785_9_2023
263,264,100000028868_55,100000028868,24.0,0.66,2023-09-21 00:00:00,2023-09-21,eto,ЕТО,,,,,,11-RUD-CGTR-SEBT-C785,2023,9,9_2023,4240,Самосвалы CAT 785C,11-RUD-CGTR-SEBT-C785_9_2023
264,265,100000028868_55,100000028868,24.0,0.66,2023-09-22 00:00:00,2023-09-22,eto,ЕТО,,,,,,11-RUD-CGTR-SEBT-C785,2023,9,9_2023,4240,Самосвалы CAT 785C,11-RUD-CGTR-SEBT-C785_9_2023
265,266,100000028868_55,100000028868,24.0,0.66,2023-09-23 00:00:00,2023-09-23,eto,ЕТО,,,,,,11-RUD-CGTR-SEBT-C785,2023,9,9_2023,4240,Самосвалы CAT 785C,11-RUD-CGTR-SEBT-C785_9_2023
266,267,100000028868_55,100000028868,24.0,0.66,2023-09-24 00:00:00,2023-09-24,eto,ЕТО,,,,,,11-RUD-CGTR-SEBT-C785,2023,9,9_2023,4240,Самосвалы CAT 785C,11-RUD-CGTR-SEBT-C785_9_2023
267,268,100000028868_55,100000028868,24.0,0.66,2023-09-25 00:00:00,2023-09-25,eto,ЕТО,,,,,,11-RUD-CGTR-SEBT-C785,2023,9,9_2023,4240,Самосвалы CAT 785C,11-RUD-CGTR-SEBT-C785_9_2023
268,269,100000028868_55,100000028868,24.0,0.66,2023-09-26 00:00:00,2023-09-26,eto,ЕТО,,,,,,11-RUD-CGTR-SEBT-C785,2023,9,9_2023,4240,Самосвалы CAT 785C,11-RUD-CGTR-SEBT-C785_9_2023
269,270,100000028868_55,100000028868,24.0,0.66,2023-09-27 00:00:00,2023-09-27,eto,ЕТО,,,,,,11-RUD-CGTR-SEBT-C785,2023,9,9_2023,4240,Самосвалы CAT 785C,11-RUD-CGTR-SEBT-C785_9_2023
270,271,100000028868_55,100000028868,24.0,0.66,2023-09-28 00:00:00,2023-09-28,eto,ЕТО,,,,,,11-RUD-CGTR-SEBT-C785,2023,9,9_2023,4240,Самосвалы CAT 785C,11-RUD-CGTR-SEBT-C785_9_2023
271,272,100000028868_55,100000028868,24.0,0.66,2023-09-29 00:00:00,2023-09-29,eto,ЕТО,,,,,,11-RUD-CGTR-SEBT-C785,2023,9,9_2023,4240,Самосвалы CAT 785C,11-RUD-CGTR-SEBT-C785_9_2023
272,273,100000028868_55,100000028868,24.0,0.66,2023-09-30 00:00:00,2023-09-30,eto,ЕТО,,,,,,11-RUD-CGTR-SEBT-C785,2023,9,9_2023,4240,Самосвалы CAT 785C,11-RUD-CGTR-SEBT-C785_9_2023
273,274,100000028868_55,100000028868,24.0,0.66,2023-10-01 00:00:00,2023-10-01,eto,ЕТО,,,,,,11-RUD-CGTR-SEBT-C785,2023,10,10_2023,4240,Самосвалы CAT 785C,11-RUD-CGTR-SEBT-C785_10_2023
274,275,100000028868_55,100000028868,24.0,0.66,2023-10-02 00:00:00,2023-10-02,eto,ЕТО,,,,,,11-RUD-CGTR-SEBT-C785,2023,10,10_2023,4240,Самосвалы CAT 785C,11-RUD-CGTR-SEBT-C785_10_2023
275,276,100000028868_55,100000028868,24.0,0.66,2023-10-03 00:00:00,2023-10-03,eto,ЕТО,,,,,,11-RUD-CGTR-SEBT-C785,2023,10,10_2023,4240,Самосвалы CAT 785C,11-RUD-CGTR-SEBT-C785_10_2023
276,277,100000028868_55,100000028868,24.0,0.66,2023-10-04 00:00:00,2023-10-04,eto,ЕТО,,,,,,11-RUD-CGTR-SEBT-C785,2023,10,10_2023,4240,Самосвалы CAT 785C,11-RUD-CGTR-SEBT-C785_10_2023
277,278,100000028868_55,100000028868,24.0,0.66,2023-10-05 00:00:00,2023-10-05,eto,ЕТО,,,,,,11-RUD-CGTR-SEBT-C785,2023,10,10_2023,4240,Самосвалы CAT 785C,11-RUD-CGTR-SEBT-C785_10_2023
278,279,100000028868_55,100000028868,24.0,0.66,2023-10-06 00:00:00,2023-10-06,eto,ЕТО,,,,,,11-RUD-CGTR-SEBT-C785,2023,10,10_2023,4240,Самосвалы CAT 785C,11-RUD-CGTR-SEBT-C785_10_2023
279,280,100000028868_55,100000028868,24.0,0.66,2023-10-07 00:00:00,2023-10-07,eto,ЕТО,,,,,,11-RUD-CGTR-SEBT-C785,2023,10,10_2023,4240,Самосвалы CAT 785C,11-RUD-CGTR-SEBT-C785_10_2023
280,281,100000028868_55,100000028868,24.0,0.66,2023-10-08 00:00:00,2023-10-08,eto,ЕТО,,,,,,11-RUD-CGTR-SEBT-C785,2023,10,10_2023,4240,Самосвалы CAT 785C,11-RUD-CGTR-SEBT-C785_10_2023
281,282,100000028868_55,100000028868,24.0,0.66,2023-10-09 00:00:00,2023-10-09,eto,ЕТО,,,,,,11-RUD-CGTR-SEBT-C785,2023,10,10_2023,4240,Самосвалы CAT 785C,11-RUD-CGTR-SEBT-C785_10_2023
282,283,100000028868_55,100000028868,24.0,0.66,2023-10-10 00:00:00,2023-10-10,eto,ЕТО,,,,,,11-RUD-CGTR-SEBT-C785,2023,10,10_2023,4240,Самосвалы CAT 785C,11-RUD-CGTR-SEBT-C785_10_2023
283,284,100000028868_55,100000028868,24.0,0.66,2023-10-11 00:00:00,2023-10-11,eto,ЕТО,,,,,,11-RUD-CGTR-SEBT-C785,2023,10,10_2023,4240,Самосвалы CAT 785C,11-RUD-CGTR-SEBT-C785_10_2023
284,285,100000028868_55,100000028868,24.0,0.66,2023-10-12 00:00:00,2023-10-12,eto,ЕТО,,,,,,11-RUD-CGTR-SEBT-C785,2023,10,10_2023,4240,Самосвалы CAT 785C,11-RUD-CGTR-SEBT-C785_10_2023
285,286,100000028868_55,100000028868,24.0,0.66,2023-10-13 00:00:00,2023-10-13,eto,ЕТО,,,,,,11-RUD-CGTR-SEBT-C785,2023,10,10_2023,4240,Самосвалы CAT 785C,11-RUD-CGTR-SEBT-C785_10_2023
286,287,100000028868_55,100000028868,24.0,0.66,2023-10-14 00:00:00,2023-10-14,eto,ЕТО,,,,,,11-RUD-CGTR-SEBT-C785,2023,10,10_2023,4240,Самосвалы CAT 785C,11-RUD-CGTR-SEBT-C785_10_2023
287,288,100000028868_55,100000028868,24.0,0.66,2023-10-15 00:00:00,2023-10-15,eto,ЕТО,,,,,,11-RUD-CGTR-SEBT-C785,2023,10,10_2023,4240,Самосвалы CAT 785C,11-RUD-CGTR-SEBT-C785_10_2023
288,289,100000028868_55,100000028868,24.0,0.66,2023-10-16 00:00:00,2023-10-16,eto,ЕТО,,,,,,11-RUD-CGTR-SEBT-C785,2023,10,10_2023,4240,Самосвалы CAT 785C,11-RUD-CGTR-SEBT-C785_10_2023
289,290,100000028868_55,100000028868,24.0,0.66,2023-10-17 00:00:00,2023-10-17,eto,ЕТО,,,,,,11-RUD-CGTR-SEBT-C785,2023,10,10_2023,4240,Самосвалы CAT 785C,11-RUD-CGTR-SEBT-C785_10_2023
290,291,100000028868_55,100000028868,24.0,0.66,2023-10-18 00:00:00,2023-10-18,eto,ЕТО,,,,,,11-RUD-CGTR-SEBT-C785,2023,10,10_2023,4240,Самосвалы CAT 785C,11-RUD-CGTR-SEBT-C785_10_2023
291,292,100000028868_55,100000028868,24.0,0.66,2023-10-19 00:00:00,2023-10-19,eto,ЕТО,,,,,,11-RUD-CGTR-SEBT-C785,2023,10,10_2023,4240,Самосвалы CAT 785C,11-RUD-CGTR-SEBT-C785_10_2023
292,293,100000028868_55,100000028868,24.0,0.66,2023-10-20 00:00:00,2023-10-20,eto,ЕТО,,,,,,11-RUD-CGTR-SEBT-C785,2023,10,10_2023,4240,Самосвалы CAT 785C,11-RUD-CGTR-SEBT-C785_10_2023
293,294,100000028868_55,100000028868,24.0,0.66,2023-10-21 00:00:00,2023-10-21,eto,ЕТО,,,,,,11-RUD-CGTR-SEBT-C785,2023,10,10_2023,4240,Самосвалы CAT 785C,11-RUD-CGTR-SEBT-C785_10_2023
294,295,100000028868_55,100000028868,24.0,0.66,2023-10-22 00:00:00,2023-10-22,eto,ЕТО,,,,,,11-RUD-CGTR-SEBT-C785,2023,10,10_2023,4240,Самосвалы CAT 785C,11-RUD-CGTR-SEBT-C785_10_2023
295,296,100000028868_55,100000028868,24.0,0.66,2023-10-23 00:00:00,2023-10-23,eto,ЕТО,,,,,,11-RUD-CGTR-SEBT-C785,2023,10,10_2023,4240,Самосвалы CAT 785C,11-RUD-CGTR-SEBT-C785_10_2023
296,297,100000028868_55,100000028868,24.0,0.66,2023-10-24 00:00:00,2023-10-24,eto,ЕТО,,,,,,11-RUD-CGTR-SEBT-C785,2023,10,10_2023,4240,Самосвалы CAT 785C,11-RUD-CGTR-SEBT-C785_10_2023
297,298,100000028868_55,100000028868,24.0,0.66,2023-10-25 00:00:00,2023-10-25,eto,ЕТО,,,,,,11-RUD-CGTR-SEBT-C785,2023,10,10_2023,4240,Самосвалы CAT 785C,11-RUD-CGTR-SEBT-C785_10_2023
298,299,100000028868_55,100000028868,24.0,0.66,2023-10-26 00:00:00,2023-10-26,eto,ЕТО,,,,,,11-RUD-CGTR-SEBT-C785,2023,10,10_2023,4240,Самосвалы CAT 785C,11-RUD-CGTR-SEBT-C785_10_2023
299,300,100000028868_55,100000028868,24.0,0.66,2023-10-27 00:00:00,2023-10-27,eto,ЕТО,,,,,,11-RUD-CGTR-SEBT-C785,2023,10,10_2023,4240,Самосвалы CAT 785C,11-RUD-CGTR-SEBT-C785_10_2023
300,301,100000028868_55,100000028868,24.0,0.66,2023-10-28 00:00:00,2023-10-28,eto,ЕТО,,,,,,11-RUD-CGTR-SEBT-C785,2023,10,10_2023,4240,Самосвалы CAT 785C,11-RUD-CGTR-SEBT-C785_10_2023
301,302,100000028868_55,100000028868,24.0,0.66,2023-10-29 00:00:00,2023-10-29,eto,ЕТО,,,,,,11-RUD-CGTR-SEBT-C785,2023,10,10_2023,4240,Самосвалы CAT 785C,11-RUD-CGTR-SEBT-C785_10_2023
302,303,100000028868_55,100000028868,24.0,0.66,2023-10-30 00:00:00,2023-10-30,eto,ЕТО,,,,,,11-RUD-CGTR-SEBT-C785,2023,10,10_2023,4240,Самосвалы CAT 785C,11-RUD-CGTR-SEBT-C785_10_2023
303,304,100000028868_55,100000028868,24.0,0.66,2023-10-31 00:00:00,2023-10-31,eto,ЕТО,,,,,,11-RUD-CGTR-SEBT-C785,2023,10,10_2023,4240,Самосвалы CAT 785C,11-RUD-CGTR-SEBT-C785_10_2023
304,305,100000028868_55,100000028868,24.0,0.66,2023-11-01 00:00:00,2023-11-01,eto,ЕТО,,,,,,11-RUD-CGTR-SEBT-C785,2023,11,11_2023,4240,Самосвалы CAT 785C,11-RUD-CGTR-SEBT-C785_11_2023
305,306,100000028868_55,100000028868,24.0,0.66,2023-11-02 00:00:00,2023-11-02,eto,ЕТО,,,,,,11-RUD-CGTR-SEBT-C785,2023,11,11_2023,4240,Самосвалы CAT 785C,11-RUD-CGTR-SEBT-C785_11_2023
306,307,100000028868_55,100000028868,24.0,0.66,2023-11-03 00:00:00,2023-11-03,eto,ЕТО,,,,,,11-RUD-CGTR-SEBT-C785,2023,11,11_2023,4240,Самосвалы CAT 785C,11-RUD-CGTR-SEBT-C785_11_2023
307,308,100000028868_55,100000028868,24.0,0.66,2023-11-04 00:00:00,2023-11-04,eto,ЕТО,,,,,,11-RUD-CGTR-SEBT-C785,2023,11,11_2023,4240,Самосвалы CAT 785C,11-RUD-CGTR-SEBT-C785_11_2023
308,309,100000028868_55,100000028868,24.0,0.66,2023-11-05 00:00:00,2023-11-05,eto,ЕТО,,,,,,11-RUD-CGTR-SEBT-C785,2023,11,11_2023,4240,Самосвалы CAT 785C,11-RUD-CGTR-SEBT-C785_11_2023
309,310,100000028868_55,100000028868,24.0,0.66,2023-11-06 00:00:00,2023-11-06,eto,ЕТО,,,,,,11-RUD-CGTR-SEBT-C785,2023,11,11_2023,4240,Самосвалы CAT 785C,11-RUD-CGTR-SEBT-C785_11_2023
310,311,100000028868_55,100000028868,24.0,0.66,2023-11-07 00:00:00,2023-11-07,eto,ЕТО,,,,,,11-RUD-CGTR-SEBT-C785,2023,11,11_2023,4240,Самосвалы CAT 785C,11-RUD-CGTR-SEBT-C785_11_2023
311,312,100000028868_55,100000028868,24.0,0.66,2023-11-08 00:00:00,2023-11-08,eto,ЕТО,,,,,,11-RUD-CGTR-SEBT-C785,2023,11,11_2023,4240,Самосвалы CAT 785C,11-RUD-CGTR-SEBT-C785_11_2023
312,313,100000028868_55,100000028868,24.0,0.66,2023-11-09 00:00:00,2023-11-09,eto,ЕТО,,,,,,11-RUD-CGTR-SEBT-C785,2023,11,11_2023,4240,Самосвалы CAT 785C,11-RUD-CGTR-SEBT-C785_11_2023
313,314,100000028868_55,100000028868,24.0,0.66,2023-11-10 00:00:00,2023-11-10,eto,ЕТО,,,,,,11-RUD-CGTR-SEBT-C785,2023,11,11_2023,4240,Самосвалы CAT 785C,11-RUD-CGTR-SEBT-C785_11_2023
314,315,100000028868_55,100000028868,24.0,0.66,2023-11-11 00:00:00,2023-11-11,eto,ЕТО,,,,,,11-RUD-CGTR-SEBT-C785,2023,11,11_2023,4240,Самосвалы CAT 785C,11-RUD-CGTR-SEBT-C785_11_2023
315,316,100000028868_55,100000028868,24.0,0.66,2023-11-12 00:00:00,2023-11-12,eto,ЕТО,,,,,,11-RUD-CGTR-SEBT-C785,2023,11,11_2023,4240,Самосвалы CAT 785C,11-RUD-CGTR-SEBT-C785_11_2023
316,317,100000028868_55,100000028868,24.0,0.66,2023-11-13 00:00:00,2023-11-13,eto,ЕТО,,,,,,11-RUD-CGTR-SEBT-C785,2023,11,11_2023,4240,Самосвалы CAT 785C,11-RUD-CGTR-SEBT-C785_11_2023
317,318,100000028868_55,100000028868,24.0,0.66,2023-11-14 00:00:00,2023-11-14,eto,ЕТО,,,,,,11-RUD-CGTR-SEBT-C785,2023,11,11_2023,4240,Самосвалы CAT 785C,11-RUD-CGTR-SEBT-C785_11_2023
318,319,100000028868_55,100000028868,24.0,0.66,2023-11-15 00:00:00,2023-11-15,eto,ЕТО,,,,,,11-RUD-CGTR-SEBT-C785,2023,11,11_2023,4240,Самосвалы CAT 785C,11-RUD-CGTR-SEBT-C785_11_2023
319,320,100000028868_55,100000028868,24.0,0.66,2023-11-16 00:00:00,2023-11-16,eto,ЕТО,,,,,,11-RUD-CGTR-SEBT-C785,2023,11,11_2023,4240,Самосвалы CAT 785C,11-RUD-CGTR-SEBT-C785_11_2023
320,321,100000028868_55,100000028868,24.0,0.66,2023-11-17 00:00:00,2023-11-17,eto,ЕТО,,,,,,11-RUD-CGTR-SEBT-C785,2023,11,11_2023,4240,Самосвалы CAT 785C,11-RUD-CGTR-SEBT-C785_11_2023
321,322,100000028868_55,100000028868,24.0,0.66,2023-11-18 00:00:00,2023-11-18,eto,ЕТО,,,,,,11-RUD-CGTR-SEBT-C785,2023,11,11_2023,4240,Самосвалы CAT 785C,11-RUD-CGTR-SEBT-C785_11_2023
322,323,100000028868_55,100000028868,24.0,0.66,2023-11-19 00:00:00,2023-11-19,eto,ЕТО,,,,,,11-RUD-CGTR-SEBT-C785,2023,11,11_2023,4240,Самосвалы CAT 785C,11-RUD-CGTR-SEBT-C785_11_2023
323,324,100000028868_55,100000028868,24.0,0.66,2023-11-20 00:00:00,2023-11-20,eto,ЕТО,,,,,,11-RUD-CGTR-SEBT-C785,2023,11,11_2023,4240,Самосвалы CAT 785C,11-RUD-CGTR-SEBT-C785_11_2023
324,325,100000028868_55,100000028868,24.0,0.66,2023-11-21 00:00:00,2023-11-21,eto,ЕТО,,,,,,11-RUD-CGTR-SEBT-C785,2023,11,11_2023,4240,Самосвалы CAT 785C,11-RUD-CGTR-SEBT-C785_11_2023
325,326,100000028868_55,100000028868,24.0,0.66,2023-11-22 00:00:00,2023-11-22,eto,ЕТО,,,,,,11-RUD-CGTR-SEBT-C785,2023,11,11_2023,4240,Самосвалы CAT 785C,11-RUD-CGTR-SEBT-C785_11_2023
326,327,100000028868_55,100000028868,24.0,0.66,2023-11-23 00:00:00,2023-11-23,eto,ЕТО,,,,,,11-RUD-CGTR-SEBT-C785,2023,11,11_2023,4240,Самосвалы CAT 785C,11-RUD-CGTR-SEBT-C785_11_2023
327,328,100000028868_55,100000028868,24.0,0.66,2023-11-24 00:00:00,2023-11-24,eto,ЕТО,,,,,,11-RUD-CGTR-SEBT-C785,2023,11,11_2023,4240,Самосвалы CAT 785C,11-RUD-CGTR-SEBT-C785_11_2023
328,329,100000028868_55,100000028868,24.0,0.66,2023-11-25 00:00:00,2023-11-25,eto,ЕТО,,,,,,11-RUD-CGTR-SEBT-C785,2023,11,11_2023,4240,Самосвалы CAT 785C,11-RUD-CGTR-SEBT-C785_11_2023
329,330,100000028868_55,100000028868,24.0,0.66,2023-11-26 00:00:00,2023-11-26,eto,ЕТО,,,,,,11-RUD-CGTR-SEBT-C785,2023,11,11_2023,4240,Самосвалы CAT 785C,11-RUD-CGTR-SEBT-C785_11_2023
330,331,100000028868_55,100000028868,24.0,0.66,2023-11-27 00:00:00,2023-11-27,eto,ЕТО,,,,,,11-RUD-CGTR-SEBT-C785,2023,11,11_2023,4240,Самосвалы CAT 785C,11-RUD-CGTR-SEBT-C785_11_2023
331,332,100000028868_55,100000028868,24.0,0.66,2023-11-28 00:00:00,2023-11-28,eto,ЕТО,,,,,,11-RUD-CGTR-SEBT-C785,2023,11,11_2023,4240,Самосвалы CAT 785C,11-RUD-CGTR-SEBT-C785_11_2023
332,333,100000028868_55,100000028868,24.0,0.66,2023-11-29 00:00:00,2023-11-29,eto,ЕТО,,,,,,11-RUD-CGTR-SEBT-C785,2023,11,11_2023,4240,Самосвалы CAT 785C,11-RUD-CGTR-SEBT-C785_11_2023
333,334,100000028868_55,100000028868,24.0,0.66,2023-11-30 00:00:00,2023-11-30,eto,ЕТО,,,,,,11-RUD-CGTR-SEBT-C785,2023,11,11_2023,4240,Самосвалы CAT 785C,11-RUD-CGTR-SEBT-C785_11_2023
334,335,100000028868_55,100000028868,24.0,0.66,2023-12-01 00:00:00,2023-12-01,eto,ЕТО,,,,,,11-RUD-CGTR-SEBT-C785,2023,12,12_2023,4240,Самосвалы CAT 785C,11-RUD-CGTR-SEBT-C785_12_2023
335,336,100000028868_55,100000028868,24.0,0.66,2023-12-02 00:00:00,2023-12-02,eto,ЕТО,,,,,,11-RUD-CGTR-SEBT-C785,2023,12,12_2023,4240,Самосвалы CAT 785C,11-RUD-CGTR-SEBT-C785_12_2023
336,337,100000028868_55,100000028868,24.0,0.66,2023-12-03 00:00:00,2023-12-03,eto,ЕТО,,,,,,11-RUD-CGTR-SEBT-C785,2023,12,12_2023,4240,Самосвалы CAT 785C,11-RUD-CGTR-SEBT-C785_12_2023
337,338,100000028868_55,100000028868,24.0,0.66,2023-12-04 00:00:00,2023-12-04,eto,ЕТО,,,,,,11-RUD-CGTR-SEBT-C785,2023,12,12_2023,4240,Самосвалы CAT 785C,11-RUD-CGTR-SEBT-C785_12_2023
338,339,100000028868_55,100000028868,24.0,0.66,2023-12-05 00:00:00,2023-12-05,eto,ЕТО,,,,,,11-RUD-CGTR-SEBT-C785,2023,12,12_2023,4240,Самосвалы CAT 785C,11-RUD-CGTR-SEBT-C785_12_2023
339,340,100000028868_55,100000028868,24.0,0.66,2023-12-06 00:00:00,2023-12-06,eto,ЕТО,,,,,,11-RUD-CGTR-SEBT-C785,2023,12,12_2023,4240,Самосвалы CAT 785C,11-RUD-CGTR-SEBT-C785_12_2023
340,341,100000028868_55,100000028868,24.0,0.66,2023-12-07 00:00:00,2023-12-07,eto,ЕТО,,,,,,11-RUD-CGTR-SEBT-C785,2023,12,12_2023,4240,Самосвалы CAT 785C,11-RUD-CGTR-SEBT-C785_12_2023
341,342,100000028868_55,100000028868,24.0,0.66,2023-12-08 00:00:00,2023-12-08,eto,ЕТО,,,,,,11-RUD-CGTR-SEBT-C785,2023,12,12_2023,4240,Самосвалы CAT 785C,11-RUD-CGTR-SEBT-C785_12_2023
342,343,100000028868_55,100000028868,24.0,0.66,2023-12-09 00:00:00,2023-12-09,eto,ЕТО,,,,,,11-RUD-CGTR-SEBT-C785,2023,12,12_2023,4240,Самосвалы CAT 785C,11-RUD-CGTR-SEBT-C785_12_2023
343,344,100000028868_55,100000028868,24.0,0.66,2023-12-10 00:00:00,2023-12-10,eto,ЕТО,,,,,,11-RUD-CGTR-SEBT-C785,2023,12,12_2023,4240,Самосвалы CAT 785C,11-RUD-CGTR-SEBT-C785_12_2023
344,345,100000028868_55,100000028868,24.0,0.66,2023-12-11 00:00:00,2023-12-11,eto,ЕТО,,,,,,11-RUD-CGTR-SEBT-C785,2023,12,12_2023,4240,Самосвалы CAT 785C,11-RUD-CGTR-SEBT-C785_12_2023
345,346,100000028868_55,100000028868,24.0,0.66,2023-12-12 00:00:00,2023-12-12,eto,ЕТО,,,,,,11-RUD-CGTR-SEBT-C785,2023,12,12_2023,4240,Самосвалы CAT 785C,11-RUD-CGTR-SEBT-C785_12_2023
346,347,100000028868_55,100000028868,24.0,0.66,2023-12-13 00:00:00,2023-12-13,eto,ЕТО,,,,,,11-RUD-CGTR-SEBT-C785,2023,12,12_2023,4240,Самосвалы CAT 785C,11-RUD-CGTR-SEBT-C785_12_2023
347,348,100000028868_55,100000028868,24.0,0.66,2023-12-14 00:00:00,2023-12-14,eto,ЕТО,,,,,,11-RUD-CGTR-SEBT-C785,2023,12,12_2023,4240,Самосвалы CAT 785C,11-RUD-CGTR-SEBT-C785_12_2023
348,349,100000028868_55,100000028868,24.0,0.66,2023-12-15 00:00:00,2023-12-15,eto,ЕТО,,,,,,11-RUD-CGTR-SEBT-C785,2023,12,12_2023,4240,Самосвалы CAT 785C,11-RUD-CGTR-SEBT-C785_12_2023
349,350,100000028868_55,100000028868,24.0,0.66,2023-12-16 00:00:00,2023-12-16,eto,ЕТО,,,,,,11-RUD-CGTR-SEBT-C785,2023,12,12_2023,4240,Самосвалы CAT 785C,11-RUD-CGTR-SEBT-C785_12_2023
350,351,100000028868_55,100000028868,24.0,0.66,2023-12-17 00:00:00,2023-12-17,eto,ЕТО,,,,,,11-RUD-CGTR-SEBT-C785,2023,12,12_2023,4240,Самосвалы CAT 785C,11-RUD-CGTR-SEBT-C785_12_2023
351,352,100000028868_55,100000028868,24.0,0.66,2023-12-18 00:00:00,2023-12-18,eto,ЕТО,,,,,,11-RUD-CGTR-SEBT-C785,2023,12,12_2023,4240,Самосвалы CAT 785C,11-RUD-CGTR-SEBT-C785_12_2023
352,353,100000028868_55,100000028868,24.0,0.66,2023-12-19 00:00:00,2023-12-19,eto,ЕТО,,,,,,11-RUD-CGTR-SEBT-C785,2023,12,12_2023,4240,Самосвалы CAT 785C,11-RUD-CGTR-SEBT-C785_12_2023
353,354,100000028868_55,100000028868,24.0,0.66,2023-12-20 00:00:00,2023-12-20,eto,ЕТО,,,,,,11-RUD-CGTR-SEBT-C785,2023,12,12_2023,4240,Самосвалы CAT 785C,11-RUD-CGTR-SEBT-C785_12_2023
354,355,100000028868_55,100000028868,24.0,0.66,2023-12-21 00:00:00,2023-12-21,eto,ЕТО,,,,,,11-RUD-CGTR-SEBT-C785,2023,12,12_2023,4240,Самосвалы CAT 785C,11-RUD-CGTR-SEBT-C785_12_2023
355,356,100000028868_55,100000028868,24.0,0.66,2023-12-22 00:00:00,2023-12-22,eto,ЕТО,,,,,,11-RUD-CGTR-SEBT-C785,2023,12,12_2023,4240,Самосвалы CAT 785C,11-RUD-CGTR-SEBT-C785_12_2023
356,357,100000028868_55,100000028868,24.0,0.66,2023-12-23 00:00:00,2023-12-23,eto,ЕТО,,,,,,11-RUD-CGTR-SEBT-C785,2023,12,12_2023,4240,Самосвалы CAT 785C,11-RUD-CGTR-SEBT-C785_12_2023
357,358,100000028868_55,100000028868,24.0,0.66,2023-12-24 00:00:00,2023-12-24,eto,ЕТО,,,,,,11-RUD-CGTR-SEBT-C785,2023,12,12_2023,4240,Самосвалы CAT 785C,11-RUD-CGTR-SEBT-C785_12_2023
358,359,100000028868_55,100000028868,24.0,0.66,2023-12-25 00:00:00,2023-12-25,eto,ЕТО,,,,,,11-RUD-CGTR-SEBT-C785,2023,12,12_2023,4240,Самосвалы CAT 785C,11-RUD-CGTR-SEBT-C785_12_2023
359,360,100000028868_55,100000028868,24.0,0.66,2023-12-26 00:00:00,2023-12-26,eto,ЕТО,,,,,,11-RUD-CGTR-SEBT-C785,2023,12,12_2023,4240,Самосвалы CAT 785C,11-RUD-CGTR-SEBT-C785_12_2023
360,361,100000028868_55,100000028868,24.0,0.66,2023-12-27 00:00:00,2023-12-27,eto,ЕТО,,,,,,11-RUD-CGTR-SEBT-C785,2023,12,12_2023,4240,Самосвалы CAT 785C,11-RUD-CGTR-SEBT-C785_12_2023
361,362,100000028868_55,100000028868,24.0,0.66,2023-12-28 00:00:00,2023-12-28,eto,ЕТО,,,,,,11-RUD-CGTR-SEBT-C785,2023,12,12_2023,4240,Самосвалы CAT 785C,11-RUD-CGTR-SEBT-C785_12_2023
362,363,100000028868_55,100000028868,24.0,0.66,2023-12-29 00:00:00,2023-12-29,eto,ЕТО,,,,,,11-RUD-CGTR-SEBT-C785,2023,12,12_2023,4240,Самосвалы CAT 785C,11-RUD-CGTR-SEBT-C785_12_2023
363,364,100000028868_55,100000028868,24.0,0.66,2023-12-30 00:00:00,2023-12-30,eto,ЕТО,,,,,,11-RUD-CGTR-SEBT-C785,2023,12,12_2023,4240,Самосвалы CAT 785C,11-RUD-CGTR-SEBT-C785_12_2023
364,365,100000028868_55,100000028868,24.0,0.66,2023-12-31 00:00:00,2023-12-31,eto,ЕТО,,,,,,11-RUD-CGTR-SEBT-C785,2023,12,12_2023,4240,Самосвалы CAT 785C,11-RUD-CGTR-SEBT-C785_12_2023
365,1097,100000028868_56,100000028868,500.0,4.5,2023-01-22 09:30:00,2023-01-22,to500,ТО-500,500.0,1000;2000;3000;4000;5000;6000;7000;8000;9000;10000;11000;12000;13000;14000;15000;16000;17000;18000;19000;20000;21000;22000;23000;24000;25000;26000,500;1500;2500;3500;4500;5500;6500;7500;8500;9500;10500;11500;12500;13500;14500;15500;16500;17500;18500;19500;20500;21500;22500;23500;24500;25500;26500,22 days 09:30:00,2023-02-13 19:00:00,11-RUD-CGTR-SEBT-C785,2023,1,1_2023,4240,Самосвалы CAT 785C,11-RUD-CGTR-SEBT-C785_1_2023
366,1098,100000028868_56,100000028868,500.0,4.5,2023-03-07 19:30:00,2023-03-07,to500,ТО-500,1500.0,1000;2000;3000;4000;5000;6000;7000;8000;9000;10000;11000;12000;13000;14000;15000;16000;17000;18000;19000;20000;21000;22000;23000;24000;25000;26000,500;1500;2500;3500;4500;5500;6500;7500;8500;9500;10500;11500;12500;13500;14500;15500;16500;17500;18500;19500;20500;21500;22500;23500;24500;25500;26500,66 days 19:30:00,2023-05-13 15:00:00,11-RUD-CGTR-SEBT-C785,2023,3,3_2023,4240,Самосвалы CAT 785C,11-RUD-CGTR-SEBT-C785_3_2023
367,1099,100000028868_56,100000028868,500.0,4.5,2023-04-21 07:00:00,2023-04-21,to500,ТО-500,2500.0,1000;2000;3000;4000;5000;6000;7000;8000;9000;10000;11000;12000;13000;14000;15000;16000;17000;18000;19000;20000;21000;22000;23000;24000;25000;26000,500;1500;2500;3500;4500;5500;6500;7500;8500;9500;10500;11500;12500;13500;14500;15500;16500;17500;18500;19500;20500;21500;22500;23500;24500;25500;26500,111 days 07:00:00,2023-08-10 14:00:00,11-RUD-CGTR-SEBT-C785,2023,4,4_2023,4240,Самосвалы CAT 785C,11-RUD-CGTR-SEBT-C785_4_2023
368,1100,100000028868_56,100000028868,500.0,4.5,2023-06-04 17:00:00,2023-06-04,to500,ТО-500,3500.0,1000;2000;3000;4000;5000;6000;7000;8000;9000;10000;11000;12000;13000;14000;15000;16000;17000;18000;19000;20000;21000;22000;23000;24000;25000;26000,500;1500;2500;3500;4500;5500;6500;7500;8500;9500;10500;11500;12500;13500;14500;15500;16500;17500;18500;19500;20500;21500;22500;23500;24500;25500;26500,155 days 17:00:00,2023-11-07 10:00:00,11-RUD-CGTR-SEBT-C785,2023,6,6_2023,4240,Самосвалы CAT 785C,11-RUD-CGTR-SEBT-C785_6_2023
369,1101,100000028868_56,100000028868,500.0,4.5,2023-07-19 04:30:00,2023-07-19,to500,ТО-500,4500.0,1000;2000;3000;4000;5000;6000;7000;8000;9000;10000;11000;12000;13000;14000;15000;16000;17000;18000;19000;20000;21000;22000;23000;24000;25000;26000,500;1500;2500;3500;4500;5500;6500;7500;8500;9500;10500;11500;12500;13500;14500;15500;16500;17500;18500;19500;20500;21500;22500;23500;24500;25500;26500,200 days 04:30:00,2024-02-04 09:00:00,11-RUD-CGTR-SEBT-C785,2023,7,7_2023,4240,Самосвалы CAT 785C,11-RUD-CGTR-SEBT-C785_7_2023
370,1102,100000028868_56,100000028868,500.0,4.5,2023-09-01 14:30:00,2023-09-01,to500,ТО-500,5500.0,1000;2000;3000;4000;5000;6000;7000;8000;9000;10000;11000;12000;13000;14000;15000;16000;17000;18000;19000;20000;21000;22000;23000;24000;25000;26000,500;1500;2500;3500;4500;5500;6500;7500;8500;9500;10500;11500;12500;13500;14500;15500;16500;17500;18500;19500;20500;21500;22500;23500;24500;25500;26500,244 days 14:30:00,2024-05-03 05:00:00,11-RUD-CGTR-SEBT-C785,2023,9,9_2023,4240,Самосвалы CAT 785C,11-RUD-CGTR-SEBT-C785_9_2023
371,1103,100000028868_56,100000028868,500.0,4.5,2023-10-16 00:30:00,2023-10-16,to500,ТО-500,6500.0,1000;2000;3000;4000;5000;6000;7000;8000;9000;10000;11000;12000;13000;14000;15000;16000;17000;18000;19000;20000;21000;22000;23000;24000;25000;26000,500;1500;2500;3500;4500;5500;6500;7500;8500;9500;10500;11500;12500;13500;14500;15500;16500;17500;18500;19500;20500;21500;22500;23500;24500;25500;26500,289 days 00:30:00,2024-07-31 01:00:00,11-RUD-CGTR-SEBT-C785,2023,10,10_2023,4240,Самосвалы CAT 785C,11-RUD-CGTR-SEBT-C785_10_2023
372,1104,100000028868_56,100000028868,500.0,4.5,2023-11-29 12:00:00,2023-11-29,to500,ТО-500,7500.0,1000;2000;3000;4000;5000;6000;7000;8000;9000;10000;11000;12000;13000;14000;15000;16000;17000;18000;19000;20000;21000;22000;23000;24000;25000;26000,500;1500;2500;3500;4500;5500;6500;7500;8500;9500;10500;11500;12500;13500;14500;15500;16500;17500;18500;19500;20500;21500;22500;23500;24500;25500;26500,333 days 12:00:00,2024-10-28 00:00:00,11-RUD-CGTR-SEBT-C785,2023,11,11_2023,4240,Самосвалы CAT 785C,11-RUD-CGTR-SEBT-C785_11_2023
373,1124,100000028868_57,100000028868,1000.0,5.9,2023-02-13 15:54:00,2023-02-13,to1000,ТО-1000,1000.0,2000;4000;6000;8000;10000;12000;14000;16000;18000;20000;22000;24000;26000,1000;3000;5000;7000;9000;11000;13000;15000;17000;19000;21000;23000;25000,44 days 15:54:00,2023-03-30 07:48:00,11-RUD-CGTR-SEBT-C785,2023,2,2_2023,4240,Самосвалы CAT 785C,11-RUD-CGTR-SEBT-C785_2_2023
374,1125,100000028868_57,100000028868,1000.0,5.9,2023-05-13 13:24:00,2023-05-13,to1000,ТО-1000,3000.0,2000;4000;6000;8000;10000;12000;14000;16000;18000;20000;22000;24000;26000,1000;3000;5000;7000;9000;11000;13000;15000;17000;19000;21000;23000;25000,133 days 13:24:00,2023-09-24 02:48:00,11-RUD-CGTR-SEBT-C785,2023,5,5_2023,4240,Самосвалы CAT 785C,11-RUD-CGTR-SEBT-C785_5_2023
375,1126,100000028868_57,100000028868,1000.0,5.9,2023-08-10 10:54:00,2023-08-10,to1000,ТО-1000,5000.0,2000;4000;6000;8000;10000;12000;14000;16000;18000;20000;22000;24000;26000,1000;3000;5000;7000;9000;11000;13000;15000;17000;19000;21000;23000;25000,222 days 10:54:00,2024-03-19 21:48:00,11-RUD-CGTR-SEBT-C785,2023,8,8_2023,4240,Самосвалы CAT 785C,11-RUD-CGTR-SEBT-C785_8_2023
376,1127,100000028868_57,100000028868,1000.0,5.9,2023-11-07 08:24:00,2023-11-07,to1000,ТО-1000,7000.0,2000;4000;6000;8000;10000;12000;14000;16000;18000;20000;22000;24000;26000,1000;3000;5000;7000;9000;11000;13000;15000;17000;19000;21000;23000;25000,311 days 08:24:00,2024-09-13 16:48:00,11-RUD-CGTR-SEBT-C785,2023,11,11_2023,4240,Самосвалы CAT 785C,11-RUD-CGTR-SEBT-C785_11_2023
377,1137,100000028868_58,100000028868,2000.0,6.7,2023-03-30 02:42:00,2023-03-30,to2000,ТО-2000,2000.0,4000;6000;8000;12000;16000;18000;20000;24000;10000,2000;14000;22000;26000,89 days 02:42:00,2023-06-27 05:24:00,11-RUD-CGTR-SEBT-C785,2023,3,3_2023,4240,Самосвалы CAT 785C,11-RUD-CGTR-SEBT-C785_3_2023
378,1141,100000028868_59,100000028868,4000.0,12.3,2023-06-27 05:48:00,2023-06-27,to4000,ТО-4000,4000.0,12000;24000,4000;8000;16000;20000,178 days 05:48:00,2023-12-22 11:36:00,11-RUD-CGTR-SEBT-C785,2023,6,6_2023,4240,Самосвалы CAT 785C,11-RUD-CGTR-SEBT-C785_6_2023
379,1142,100000028868_59,100000028868,4000.0,12.3,2023-12-22 00:48:00,2023-12-22,to4000,ТО-4000,8000.0,12000;24000,4000;8000;16000;20000,356 days 00:48:00,2024-12-12 01:36:00,11-RUD-CGTR-SEBT-C785,2023,12,12_2023,4240,Самосвалы CAT 785C,11-RUD-CGTR-SEBT-C785_12_2023
380,1145,100000028868_60,100000028868,6000.0,8.9,2023-09-23 23:54:00,2023-09-23,to6000,ТО-6000,6000.0,12000;24000,6000;18000,266 days 23:54:00,2024-06-16 23:48:00,11-RUD-CGTR-SEBT-C785,2023,9,9_2023,4240,Самосвалы CAT 785C,11-RUD-CGTR-SEBT-C785_9_2023
381,1151,100000028868_62,100000028868,4000.0,10.0,2023-06-27 03:30:00,2023-06-27,to_suppl_systems,ТО доп систем,,,,178 days 03:30:00,2023-12-22 07:00:00,11-RUD-CGTR-SEBT-C785,2023,6,6_2023,4240,Самосвалы CAT 785C,11-RUD-CGTR-SEBT-C785_6_2023
382,1152,100000028868_62,100000028868,4000.0,10.0,2023-12-22 07:00:00,2023-12-22,to_suppl_systems,ТО доп систем,,,,178 days 03:30:00,2024-06-17 10:30:00,11-RUD-CGTR-SEBT-C785,2023,12,12_2023,4240,Самосвалы CAT 785C,11-RUD-CGTR-SEBT-C785_12_2023
383,1157,100000028868_63,100000028868,250.0,14.0,2023-01-11 16:30:00,2023-01-11,tr,ТР,250.0,500;1000;1500;2000;2500;3000;3500;4000;4500;5000;5500;6000;6500;7000;7500;8000;8500;9000;9500;10000;10500;11000;11500;12000;12500;13000;13500;14000;14500;15000;15500;16000;16500;17000;17500;18000;18500;19000;19500;20000;20500;21000;21500;22000;22500;23000;23500;24000;24500;25000;25500;26000;26500,250;750;1250;1750;2250;2750;3250;3750;4250;4750;5250;5750;6250;6750;7250;7750;8250;8750;9250;9750;10250;10750;11250;11750;12250;12750;13250;13750;14250;14750;15250;15750;16250;16750;17250;17750;18250;18750;19250;19750;20250;20750;21250;21750;22250;22750;23250;23750;24250;24750;25250;25750;26250;26750,11 days 16:30:00,2023-01-23 09:00:00,11-RUD-CGTR-SEBT-C785,2023,1,1_2023,4240,Самосвалы CAT 785C,11-RUD-CGTR-SEBT-C785_1_2023
384,1158,100000028868_63,100000028868,250.0,14.0,2023-02-02 21:30:00,2023-02-02,tr,ТР,750.0,500;1000;1500;2000;2500;3000;3500;4000;4500;5000;5500;6000;6500;7000;7500;8000;8500;9000;9500;10000;10500;11000;11500;12000;12500;13000;13500;14000;14500;15000;15500;16000;16500;17000;17500;18000;18500;19000;19500;20000;20500;21000;21500;22000;22500;23000;23500;24000;24500;25000;25500;26000;26500,250;750;1250;1750;2250;2750;3250;3750;4250;4750;5250;5750;6250;6750;7250;7750;8250;8750;9250;9750;10250;10750;11250;11750;12250;12750;13250;13750;14250;14750;15250;15750;16250;16750;17250;17750;18250;18750;19250;19750;20250;20750;21250;21750;22250;22750;23250;23750;24250;24750;25250;25750;26250;26750,33 days 21:30:00,2023-03-08 19:00:00,11-RUD-CGTR-SEBT-C785,2023,2,2_2023,4240,Самосвалы CAT 785C,11-RUD-CGTR-SEBT-C785_2_2023
385,1159,100000028868_63,100000028868,250.0,14.0,2023-02-25 02:30:00,2023-02-25,tr,ТР,1250.0,500;1000;1500;2000;2500;3000;3500;4000;4500;5000;5500;6000;6500;7000;7500;8000;8500;9000;9500;10000;10500;11000;11500;12000;12500;13000;13500;14000;14500;15000;15500;16000;16500;17000;17500;18000;18500;19000;19500;20000;20500;21000;21500;22000;22500;23000;23500;24000;24500;25000;25500;26000;26500,250;750;1250;1750;2250;2750;3250;3750;4250;4750;5250;5750;6250;6750;7250;7750;8250;8750;9250;9750;10250;10750;11250;11750;12250;12750;13250;13750;14250;14750;15250;15750;16250;16750;17250;17750;18250;18750;19250;19750;20250;20750;21250;21750;22250;22750;23250;23750;24250;24750;25250;25750;26250;26750,56 days 02:30:00,2023-04-22 05:00:00,11-RUD-CGTR-SEBT-C785,2023,2,2_2023,4240,Самосвалы CAT 785C,11-RUD-CGTR-SEBT-C785_2_2023
386,1160,100000028868_63,100000028868,250.0,14.0,2023-03-19 07:30:00,2023-03-19,tr,ТР,1750.0,500;1000;1500;2000;2500;3000;3500;4000;4500;5000;5500;6000;6500;7000;7500;8000;8500;9000;9500;10000;10500;11000;11500;12000;12500;13000;13500;14000;14500;15000;15500;16000;16500;17000;17500;18000;18500;19000;19500;20000;20500;21000;21500;22000;22500;23000;23500;24000;24500;25000;25500;26000;26500,250;750;1250;1750;2250;2750;3250;3750;4250;4750;5250;5750;6250;6750;7250;7750;8250;8750;9250;9750;10250;10750;11250;11750;12250;12750;13250;13750;14250;14750;15250;15750;16250;16750;17250;17750;18250;18750;19250;19750;20250;20750;21250;21750;22250;22750;23250;23750;24250;24750;25250;25750;26250;26750,78 days 07:30:00,2023-06-05 15:00:00,11-RUD-CGTR-SEBT-C785,2023,3,3_2023,4240,Самосвалы CAT 785C,11-RUD-CGTR-SEBT-C785_3_2023
387,1161,100000028868_63,100000028868,250.0,14.0,2023-04-10 14:00:00,2023-04-10,tr,ТР,2250.0,500;1000;1500;2000;2500;3000;3500;4000;4500;5000;5500;6000;6500;7000;7500;8000;8500;9000;9500;10000;10500;11000;11500;12000;12500;13000;13500;14000;14500;15000;15500;16000;16500;17000;17500;18000;18500;19000;19500;20000;20500;21000;21500;22000;22500;23000;23500;24000;24500;25000;25500;26000;26500,250;750;1250;1750;2250;2750;3250;3750;4250;4750;5250;5750;6250;6750;7250;7750;8250;8750;9250;9750;10250;10750;11250;11750;12250;12750;13250;13750;14250;14750;15250;15750;16250;16750;17250;17750;18250;18750;19250;19750;20250;20750;21250;21750;22250;22750;23250;23750;24250;24750;25250;25750;26250;26750,100 days 14:00:00,2023-07-20 04:00:00,11-RUD-CGTR-SEBT-C785,2023,4,4_2023,4240,Самосвалы CAT 785C,11-RUD-CGTR-SEBT-C785_4_2023
388,1162,100000028868_63,100000028868,250.0,14.0,2023-05-02 19:00:00,2023-05-02,tr,ТР,2750.0,500;1000;1500;2000;2500;3000;3500;4000;4500;5000;5500;6000;6500;7000;7500;8000;8500;9000;9500;10000;10500;11000;11500;12000;12500;13000;13500;14000;14500;15000;15500;16000;16500;17000;17500;18000;18500;19000;19500;20000;20500;21000;21500;22000;22500;23000;23500;24000;24500;25000;25500;26000;26500,250;750;1250;1750;2250;2750;3250;3750;4250;4750;5250;5750;6250;6750;7250;7750;8250;8750;9250;9750;10250;10750;11250;11750;12250;12750;13250;13750;14250;14750;15250;15750;16250;16750;17250;17750;18250;18750;19250;19750;20250;20750;21250;21750;22250;22750;23250;23750;24250;24750;25250;25750;26250;26750,122 days 19:00:00,2023-09-02 14:00:00,11-RUD-CGTR-SEBT-C785,2023,5,5_2023,4240,Самосвалы CAT 785C,11-RUD-CGTR-SEBT-C785_5_2023
389,1163,100000028868_63,100000028868,250.0,14.0,2023-05-25 00:00:00,2023-05-25,tr,ТР,3250.0,500;1000;1500;2000;2500;3000;3500;4000;4500;5000;5500;6000;6500;7000;7500;8000;8500;9000;9500;10000;10500;11000;11500;12000;12500;13000;13500;14000;14500;15000;15500;16000;16500;17000;17500;18000;18500;19000;19500;20000;20500;21000;21500;22000;22500;23000;23500;24000;24500;25000;25500;26000;26500,250;750;1250;1750;2250;2750;3250;3750;4250;4750;5250;5750;6250;6750;7250;7750;8250;8750;9250;9750;10250;10750;11250;11750;12250;12750;13250;13750;14250;14750;15250;15750;16250;16750;17250;17750;18250;18750;19250;19750;20250;20750;21250;21750;22250;22750;23250;23750;24250;24750;25250;25750;26250;26750,145 days 00:00:00,2023-10-17 00:00:00,11-RUD-CGTR-SEBT-C785,2023,5,5_2023,4240,Самосвалы CAT 785C,11-RUD-CGTR-SEBT-C785_5_2023
390,1164,100000028868_63,100000028868,250.0,14.0,2023-06-16 05:00:00,2023-06-16,tr,ТР,3750.0,500;1000;1500;2000;2500;3000;3500;4000;4500;5000;5500;6000;6500;7000;7500;8000;8500;9000;9500;10000;10500;11000;11500;12000;12500;13000;13500;14000;14500;15000;15500;16000;16500;17000;17500;18000;18500;19000;19500;20000;20500;21000;21500;22000;22500;23000;23500;24000;24500;25000;25500;26000;26500,250;750;1250;1750;2250;2750;3250;3750;4250;4750;5250;5750;6250;6750;7250;7750;8250;8750;9250;9750;10250;10750;11250;11750;12250;12750;13250;13750;14250;14750;15250;15750;16250;16750;17250;17750;18250;18750;19250;19750;20250;20750;21250;21750;22250;22750;23250;23750;24250;24750;25250;25750;26250;26750,167 days 05:00:00,2023-11-30 10:00:00,11-RUD-CGTR-SEBT-C785,2023,6,6_2023,4240,Самосвалы CAT 785C,11-RUD-CGTR-SEBT-C785_6_2023
391,1165,100000028868_63,100000028868,250.0,14.0,2023-07-08 10:00:00,2023-07-08,tr,ТР,4250.0,500;1000;1500;2000;2500;3000;3500;4000;4500;5000;5500;6000;6500;7000;7500;8000;8500;9000;9500;10000;10500;11000;11500;12000;12500;13000;13500;14000;14500;15000;15500;16000;16500;17000;17500;18000;18500;19000;19500;20000;20500;21000;21500;22000;22500;23000;23500;24000;24500;25000;25500;26000;26500,250;750;1250;1750;2250;2750;3250;3750;4250;4750;5250;5750;6250;6750;7250;7750;8250;8750;9250;9750;10250;10750;11250;11750;12250;12750;13250;13750;14250;14750;15250;15750;16250;16750;17250;17750;18250;18750;19250;19750;20250;20750;21250;21750;22250;22750;23250;23750;24250;24750;25250;25750;26250;26750,189 days 10:00:00,2024-01-13 20:00:00,11-RUD-CGTR-SEBT-C785,2023,7,7_2023,4240,Самосвалы CAT 785C,11-RUD-CGTR-SEBT-C785_7_2023
392,1166,100000028868_63,100000028868,250.0,14.0,2023-07-30 16:30:00,2023-07-30,tr,ТР,4750.0,500;1000;1500;2000;2500;3000;3500;4000;4500;5000;5500;6000;6500;7000;7500;8000;8500;9000;9500;10000;10500;11000;11500;12000;12500;13000;13500;14000;14500;15000;15500;16000;16500;17000;17500;18000;18500;19000;19500;20000;20500;21000;21500;22000;22500;23000;23500;24000;24500;25000;25500;26000;26500,250;750;1250;1750;2250;2750;3250;3750;4250;4750;5250;5750;6250;6750;7250;7750;8250;8750;9250;9750;10250;10750;11250;11750;12250;12750;13250;13750;14250;14750;15250;15750;16250;16750;17250;17750;18250;18750;19250;19750;20250;20750;21250;21750;22250;22750;23250;23750;24250;24750;25250;25750;26250;26750,211 days 16:30:00,2024-02-27 09:00:00,11-RUD-CGTR-SEBT-C785,2023,7,7_2023,4240,Самосвалы CAT 785C,11-RUD-CGTR-SEBT-C785_7_2023
393,1167,100000028868_63,100000028868,250.0,14.0,2023-08-21 21:30:00,2023-08-21,tr,ТР,5250.0,500;1000;1500;2000;2500;3000;3500;4000;4500;5000;5500;6000;6500;7000;7500;8000;8500;9000;9500;10000;10500;11000;11500;12000;12500;13000;13500;14000;14500;15000;15500;16000;16500;17000;17500;18000;18500;19000;19500;20000;20500;21000;21500;22000;22500;23000;23500;24000;24500;25000;25500;26000;26500,250;750;1250;1750;2250;2750;3250;3750;4250;4750;5250;5750;6250;6750;7250;7750;8250;8750;9250;9750;10250;10750;11250;11750;12250;12750;13250;13750;14250;14750;15250;15750;16250;16750;17250;17750;18250;18750;19250;19750;20250;20750;21250;21750;22250;22750;23250;23750;24250;24750;25250;25750;26250;26750,233 days 21:30:00,2024-04-11 19:00:00,11-RUD-CGTR-SEBT-C785,2023,8,8_2023,4240,Самосвалы CAT 785C,11-RUD-CGTR-SEBT-C785_8_2023
394,1168,100000028868_63,100000028868,250.0,14.0,2023-09-13 02:30:00,2023-09-13,tr,ТР,5750.0,500;1000;1500;2000;2500;3000;3500;4000;4500;5000;5500;6000;6500;7000;7500;8000;8500;9000;9500;10000;10500;11000;11500;12000;12500;13000;13500;14000;14500;15000;15500;16000;16500;17000;17500;18000;18500;19000;19500;20000;20500;21000;21500;22000;22500;23000;23500;24000;24500;25000;25500;26000;26500,250;750;1250;1750;2250;2750;3250;3750;4250;4750;5250;5750;6250;6750;7250;7750;8250;8750;9250;9750;10250;10750;11250;11750;12250;12750;13250;13750;14250;14750;15250;15750;16250;16750;17250;17750;18250;18750;19250;19750;20250;20750;21250;21750;22250;22750;23250;23750;24250;24750;25250;25750;26250;26750,256 days 02:30:00,2024-05-26 05:00:00,11-RUD-CGTR-SEBT-C785,2023,9,9_2023,4240,Самосвалы CAT 785C,11-RUD-CGTR-SEBT-C785_9_2023
395,1169,100000028868_63,100000028868,250.0,14.0,2023-10-05 07:30:00,2023-10-05,tr,ТР,6250.0,500;1000;1500;2000;2500;3000;3500;4000;4500;5000;5500;6000;6500;7000;7500;8000;8500;9000;9500;10000;10500;11000;11500;12000;12500;13000;13500;14000;14500;15000;15500;16000;16500;17000;17500;18000;18500;19000;19500;20000;20500;21000;21500;22000;22500;23000;23500;24000;24500;25000;25500;26000;26500,250;750;1250;1750;2250;2750;3250;3750;4250;4750;5250;5750;6250;6750;7250;7750;8250;8750;9250;9750;10250;10750;11250;11750;12250;12750;13250;13750;14250;14750;15250;15750;16250;16750;17250;17750;18250;18750;19250;19750;20250;20750;21250;21750;22250;22750;23250;23750;24250;24750;25250;25750;26250;26750,278 days 07:30:00,2024-07-09 15:00:00,11-RUD-CGTR-SEBT-C785,2023,10,10_2023,4240,Самосвалы CAT 785C,11-RUD-CGTR-SEBT-C785_10_2023
396,1170,100000028868_63,100000028868,250.0,14.0,2023-10-27 14:00:00,2023-10-27,tr,ТР,6750.0,500;1000;1500;2000;2500;3000;3500;4000;4500;5000;5500;6000;6500;7000;7500;8000;8500;9000;9500;10000;10500;11000;11500;12000;12500;13000;13500;14000;14500;15000;15500;16000;16500;17000;17500;18000;18500;19000;19500;20000;20500;21000;21500;22000;22500;23000;23500;24000;24500;25000;25500;26000;26500,250;750;1250;1750;2250;2750;3250;3750;4250;4750;5250;5750;6250;6750;7250;7750;8250;8750;9250;9750;10250;10750;11250;11750;12250;12750;13250;13750;14250;14750;15250;15750;16250;16750;17250;17750;18250;18750;19250;19750;20250;20750;21250;21750;22250;22750;23250;23750;24250;24750;25250;25750;26250;26750,300 days 14:00:00,2024-08-23 04:00:00,11-RUD-CGTR-SEBT-C785,2023,10,10_2023,4240,Самосвалы CAT 785C,11-RUD-CGTR-SEBT-C785_10_2023
397,1171,100000028868_63,100000028868,250.0,14.0,2023-11-18 19:00:00,2023-11-18,tr,ТР,7250.0,500;1000;1500;2000;2500;3000;3500;4000;4500;5000;5500;6000;6500;7000;7500;8000;8500;9000;9500;10000;10500;11000;11500;12000;12500;13000;13500;14000;14500;15000;15500;16000;16500;17000;17500;18000;18500;19000;19500;20000;20500;21000;21500;22000;22500;23000;23500;24000;24500;25000;25500;26000;26500,250;750;1250;1750;2250;2750;3250;3750;4250;4750;5250;5750;6250;6750;7250;7750;8250;8750;9250;9750;10250;10750;11250;11750;12250;12750;13250;13750;14250;14750;15250;15750;16250;16750;17250;17750;18250;18750;19250;19750;20250;20750;21250;21750;22250;22750;23250;23750;24250;24750;25250;25750;26250;26750,322 days 19:00:00,2024-10-06 14:00:00,11-RUD-CGTR-SEBT-C785,2023,11,11_2023,4240,Самосвалы CAT 785C,11-RUD-CGTR-SEBT-C785_11_2023
398,1172,100000028868_63,100000028868,250.0,14.0,2023-12-11 00:00:00,2023-12-11,tr,ТР,7750.0,500;1000;1500;2000;2500;3000;3500;4000;4500;5000;5500;6000;6500;7000;7500;8000;8500;9000;9500;10000;10500;11000;11500;12000;12500;13000;13500;14000;14500;15000;15500;16000;16500;17000;17500;18000;18500;19000;19500;20000;20500;21000;21500;22000;22500;23000;23500;24000;24500;25000;25500;26000;26500,250;750;1250;1750;2250;2750;3250;3750;4250;4750;5250;5750;6250;6750;7250;7750;8250;8750;9250;9750;10250;10750;11250;11750;12250;12750;13250;13750;14250;14750;15250;15750;16250;16750;17250;17750;18250;18750;19250;19750;20250;20750;21250;21750;22250;22750;23250;23750;24250;24750;25250;25750;26250;26750,345 days 00:00:00,2024-11-20 00:00:00,11-RUD-CGTR-SEBT-C785,2023,12,12_2023,4240,Самосвалы CAT 785C,11-RUD-CGTR-SEBT-C785_12_2023
399,1211,100000028868_64,100000028868,4000.0,10.0,2023-06-27 03:30:00,2023-06-27,tr_suppl_systems,Трдоп.сист.,4000.0,20000,4000;8000;12000;16000;24000,178 days 03:30:00,2023-12-22 07:00:00,11-RUD-CGTR-SEBT-C785,2023,6,6_2023,4240,Самосвалы CAT 785C,11-RUD-CGTR-SEBT-C785_6_2023
400,1212,100000028868_64,100000028868,4000.0,10.0,2023-12-21 22:30:00,2023-12-21,tr_suppl_systems,Трдоп.сист.,8000.0,20000,4000;8000;12000;16000;24000,355 days 22:30:00,2024-12-11 21:00:00,11-RUD-CGTR-SEBT-C785,2023,12,12_2023,4240,Самосвалы CAT 785C,11-RUD-CGTR-SEBT-C785_12_2023
